epoch,train_mse_m2,validation_mae_cm,validation_rmse_cm,learning_rate,elapsed_seconds
1,0.32127375409117287,10.649308485736299,13.905677658092685,0.001,6.310636858999942
2,0.018355134634960028,9.723650337479272,12.796334995252076,0.001,6.620462750999991
3,0.01664289057301694,9.340669998035208,12.353648870753247,0.001,6.776856268000074
4,0.015918812750506894,9.294097565633791,12.14683739524117,0.001,6.764205617000016
5,0.015631907197875043,9.005134999626977,12.017152117443095,0.001,6.746623365000005
6,0.015320966548540938,8.958595786094138,11.87649289001162,0.001,6.756546035000042
7,0.015206355559290183,8.999232832850169,11.81307803491533,0.001,6.883183756999983
8,0.015013842718863189,8.903041649388589,11.803797373374275,0.001,6.570249757000056
9,0.014884020690239275,8.856681383033875,11.710686442509365,0.001,6.671118694999905
10,0.014783425948039337,8.698713480645532,11.67234845646952,0.001,6.634947050000164
11,0.014581976942783043,8.621689500445664,11.49905242876062,0.001,6.397019053000122
12,0.014421502807173192,8.855015377277528,11.703082041850445,0.001,6.605612615999917
13,0.014270520327120666,8.986499460017876,11.711000449764022,0.001,6.67019535899999
14,0.01425636009205042,9.022795778583317,11.798932714556452,0.001,6.750289907000024
15,0.013865256551004557,8.964328738602937,11.552797269109064,0.001,6.512631788999897
16,0.013632322224515697,9.316557811886538,11.752901454080614,0.001,6.746291638999992
17,0.013513308603647496,8.584740260450767,11.099718613214284,0.001,6.152361318999965
18,0.0132107240497183,8.576632997610355,11.155082470004011,0.001,6.4218119550000665
19,0.013047559859244582,8.607328029325034,11.177346014501632,0.001,6.591783193000083
20,0.012958841301418137,8.340225921885958,10.955304865398807,0.001,6.41315725000004
21,0.012675177865365017,8.07688986686814,10.602057391474013,0.001,6.671401534000097
22,0.012544303450900293,8.413662678349931,10.90964143898916,0.001,6.79017025600001
23,0.012545783889020118,8.299177696567499,10.74543359954824,0.001,6.710864996999817
24,0.012248187798405787,8.47781103889261,11.107951662218023,0.001,6.744703429000083
25,0.012470986805317542,7.960366881091155,10.573414781338156,0.001,6.689640604000033
26,0.012124580689264357,8.936860622219498,11.475464340155568,0.001,6.963829002000011
27,0.01242570675597453,10.642618596264203,13.589324314945186,0.001,6.347964164999894
28,0.013289383807769319,8.3558428817764,10.820497683863046,0.001,6.490119547999939
29,0.012397847149490463,7.873142031091599,10.468249112152458,0.001,6.475498615000106
30,0.01198822834624878,9.802363665989711,12.345601171612751,0.001,6.753412268999909
31,0.012370739179881388,7.799074410820697,10.291964249329698,0.001,6.656450823999876
32,0.011650369971245094,8.128008317344756,10.635758256286714,0.001,6.396947969999928
33,0.011587160090949681,8.401581868526668,10.833566037621557,0.001,6.463918198000101
34,0.011489849552471303,7.828739208711601,10.24922852018021,0.001,6.539702674999944
35,0.011285453885621863,7.6173689355190035,10.156618519748374,0.001,6.7548888419999
36,0.01113934751409939,8.298900649756712,10.813085649044744,0.001,6.812763650000079
37,0.011395762077699345,8.125501661792748,10.611647228340155,0.001,6.293756134999967
38,0.011076104441554104,7.49732268841855,9.887493223796175,0.001,6.5478908089999095
39,0.010822997700373777,7.773390305206803,10.194033735701806,0.001,6.456050165999841
40,0.010816533652683065,7.478704634105526,9.870107975130784,0.001,6.238662862000183
41,0.010607350974990836,7.293163046363531,9.741826366713465,0.001,6.25650063199987
42,0.010520699575000384,7.642200388540151,10.110520340616128,0.001,6.393123595000134
43,0.010581822255216889,7.803795854124718,10.279477495783947,0.001,6.909639488999801
44,0.01061328279764218,7.354602395169057,9.875333396328832,0.001,6.473176775999946
45,0.010334461748548615,7.28266401465176,9.735131136074733,0.001,6.540139656999827
46,0.010311897403220726,7.436442885923427,9.934893122803212,0.001,6.653973296000004
47,0.010345615896942842,7.666283042622354,10.02844415512388,0.001,6.6512876409999535
48,0.010273211187286229,7.367740579731329,9.788606609896348,0.001,6.687653941999997
49,0.010161125480937986,7.11229751096877,9.547346715792644,0.001,6.536506249000013
50,0.010005307075135899,7.269603798682742,9.651833875686554,0.001,6.721528135999961
51,0.00995205074045948,8.27133882341665,10.942471307470058,0.001,7.514208369000016
52,0.010307953530592974,7.336808302386032,9.729842972956007,0.001,6.639299742000048
53,0.010071161266707016,8.39993498932563,10.657444710739062,0.001,6.582926819000022
54,0.009994988460471435,7.190704674560827,9.708866542032277,0.001,6.584327997000173
55,0.009964594724487866,6.923795878834206,9.348239018176978,0.001,6.583835373000056
56,0.009618890591490192,7.0309839864531485,9.372000065893724,0.001,6.597314347000065
57,0.00958793933015649,7.620563421256293,10.008661567441548,0.001,6.6585127920000104
58,0.009652501409214715,7.025163256932189,9.41211457649826,0.001,6.6906392609998875
59,0.009482035053564056,7.778303569412813,10.182905706953433,0.001,6.383545491999939
60,0.009713701906586995,6.89449864486433,9.200561969288517,0.001,6.957708549000017
61,0.009332718547024338,7.136244074667448,9.456330563989264,0.001,6.502096673000096
62,0.009347293088716466,7.09801292191104,9.41030715948429,0.001,6.70961777499997
63,0.00926418218521441,7.131668589389366,9.600865235113071,0.001,6.606177089000084
64,0.009255908879223982,6.761937644814156,9.105866265905378,0.001,6.663124136000079
65,0.009084183881708653,7.01797878965554,9.321862780552758,0.001,6.615599452999959
66,0.009098611772369983,7.327543458615172,9.698764095058756,0.001,6.722503889999871
67,0.009093827833699771,6.643723626510059,9.023127674972352,0.001,6.6700843589999295
68,0.008950306181424,7.248522369640326,9.523545298357886,0.001,6.745069238000042
69,0.009066777755273758,6.9470980272695755,9.284112288837443,0.001,6.800636492999956
70,0.009062107977649522,7.00687358415573,9.547457375483964,0.001,7.368681747999972
71,0.008978671004747567,7.532643298885169,9.881369594283449,0.001,6.541286095000032
72,0.009276466869355873,6.923796092285716,9.226838472827291,0.001,6.608667894000064
73,0.008767076391558935,6.689320855226762,9.027892895791942,0.001,6.344308984000008
74,0.00878092476680626,7.0582649818205345,9.32782428160215,0.001,6.907874996999908
75,0.008813555479205407,7.083761208946144,9.277155148984626,0.001,6.620538234999913
76,0.008739766429282826,6.628067061387273,8.923840218727042,0.001,6.695173593999925
77,0.008569435977689605,7.1550980890286775,9.417582354457332,0.001,6.460080344000062
78,0.008634265209062507,7.367573557047194,9.704343711437172,0.001,6.523462240000072
79,0.00872267610765359,6.8662552232650045,9.133184611245383,0.001,6.663607444999798
80,0.008580907508325327,6.885888558727204,9.205761118456357,0.001,6.33681499599993
81,0.008677942369865103,6.528220686050708,8.788552545981997,0.001,6.0996170030000485
82,0.008413789563359619,6.658807594965481,8.907859233382583,0.001,7.012113855000052
83,0.008442537196096335,7.578574399881975,9.95999231854441,0.001,6.54231952400005
84,0.0087380293998358,6.58102190349359,8.85040509230753,0.001,6.555690427999934
85,0.008431545212339502,6.447042659194763,8.774326394307417,0.001,6.5799240260000715
86,0.008268209182518218,7.002648733118652,9.446373093857915,0.001,6.531622989000198
87,0.009133369411332326,6.836653795040282,9.060883217532343,0.001,6.260520522999968
88,0.00837984793464001,6.726308435080468,8.997518650717046,0.001,6.83583983099993
89,0.008410929990914544,6.553726390364567,8.832016511339445,0.001,6.576863958000104
90,0.008275341825005725,6.59602888271544,8.831864683655626,0.001,6.768616910999981
91,0.008187349358858223,6.4408559096128615,8.800434106699887,0.001,6.837532773000021
92,0.00817150816033919,6.569571747614119,8.897791696366268,0.001,6.670478172999992
93,0.00820650529142088,6.54400052962934,8.902704995977262,0.001,6.8136743229999865
94,0.00819771470682974,6.4337790650603806,8.712984864367986,0.001,6.681883893000077
95,0.008095099911530852,6.609265779695641,8.828544989387867,0.001,6.800514991999989
96,0.008086098500291457,7.225365214813287,9.834866784152355,0.001,6.98135956200008
97,0.00919972763838816,7.125764281545744,9.396689491690273,0.001,6.640285247000065
98,0.008472993327596509,7.324680996177192,9.5684508566823,0.001,6.583921284000098
99,0.00887408128393221,6.693281309757142,8.970758214681972,0.001,6.53832843400005
100,0.008314674044566456,6.735193071684406,9.120007775407105,0.001,6.748439045000168
101,0.008433973191459707,7.361010917130731,9.524210453989916,0.001,6.496274175000053
102,0.00824720627672925,6.850545822064558,9.168560578925385,0.001,6.7294215730000815
103,0.00830719591104696,6.361234494322772,8.653847630264393,0.001,6.569365718999961
104,0.007946896753684497,8.264551833457197,10.798860386612605,0.001,6.605787710999948
105,0.009213884226184656,6.813681723602556,9.025964556659227,0.001,7.126495752999972
106,0.008122229596791418,6.843324353828266,9.00261604777191,0.001,6.697344995000094
107,0.008105434008746215,6.2910640389783055,8.483708349697762,0.001,7.0550045429999955
108,0.007835767621577385,6.265307505289141,8.558071303089655,0.001,7.008457442000008
109,0.007868249056620718,6.583125889795244,8.801122264070147,0.001,6.787863649000201
110,0.00804592217570642,6.44776647886179,8.718486960116143,0.001,6.703035199999931
111,0.007855688261147907,6.610803370397107,8.934240638317641,0.001,6.893677434999972
112,0.007943133418088758,7.0307140023188595,9.291292537904395,0.001,6.485636700999976
113,0.00878538606865001,6.864520143947508,9.112602793964486,0.001,6.3904117150000275
114,0.00813972615632783,6.396627516549413,8.618464616349748,0.001,6.405470740000055
115,0.007802903468604596,7.408787469363879,9.642872009761605,0.001,6.563109423000014
116,0.008042235534482134,6.393127575066276,8.622070466928283,0.0005,6.563191632000098
117,0.007651091083662263,6.248202787690666,8.475080975214153,0.0005,6.664260575000071
118,0.007610577416672731,6.123988458165755,8.39429651701372,0.0005,6.790393150999989
119,0.007543021256160921,6.166003691117786,8.41666055672121,0.0005,6.605202226000074
120,0.007593262699010624,6.304830126267535,8.52032376467191,0.0005,6.556723952000084
121,0.007587261780010419,6.324027012645582,8.579587520059869,0.0005,6.684299405000047
122,0.00770716488274364,6.0882171092973065,8.320015224610843,0.0005,6.38125620400001
123,0.007522087548807948,6.128975359521616,8.353910558545016,0.0005,6.180957470000067
124,0.007500872471436597,6.105062443285313,8.332944141935547,0.0005,6.538601018999998
125,0.007489850871227164,6.126226427107329,8.404807314710249,0.0005,6.538710758999969
126,0.0075374079766729486,6.144512521225894,8.358983286523564,0.0005,6.629078279999931
127,0.0074777346347256425,6.092581939904531,8.305199397784543,0.0005,6.619019058999811
128,0.007501221576732354,6.086147921064886,8.376578067076792,0.0005,6.679506599999968
129,0.007423789305433657,6.194532245880235,8.398159956030206,0.0005,6.5625670920001085
130,0.007474948463935632,6.085113484950903,8.284390091391167,0.0005,6.666564031999997
131,0.007427606555496795,6.138619030996953,8.342814525872987,0.0005,6.640170656999999
132,0.007439563959588669,6.137781046565995,8.387792249458128,0.0005,6.651831333000018
133,0.007485473355134259,6.348848070930498,8.574466469429183,0.0005,6.777668405999975
134,0.007511410032565636,6.211762754227109,8.441764004115404,0.0005,6.6101178070000515
135,0.007441911422493902,6.172984769244263,8.463086896474076,0.0005,6.8181429090000165
136,0.007827619347945172,6.268400156913912,8.486327317567179,0.0005,5.830719599000076
137,0.007554902254418746,6.053264781722458,8.257402088983694,0.0005,6.482102979000047
138,0.007382712290025328,6.2736927096873005,8.512498029824767,0.0005,6.577772241000048
139,0.007622759941701262,6.099508509813057,8.33981669904494,0.0005,6.5444481430001815
140,0.007364974065399656,6.082488894952188,8.283814758717014,0.0005,6.489649752000105
141,0.007329287695223452,6.021056091197452,8.227218078223963,0.0005,6.503885206999939
142,0.007318240725103669,6.4740815608131115,8.665721908543544,0.0005,6.622818273999883
143,0.007394356430847739,6.14376144207294,8.364601463197387,0.0005,6.527703555000016
144,0.007331537650733242,6.059435949769534,8.291948338759079,0.0005,6.687424971000155
145,0.007298579688740373,6.190461591760619,8.526051579411503,0.0005,6.775827392999872
146,0.007465980631158995,6.371123017461919,8.568744904409455,0.0005,6.540067603000125
147,0.007391196713871622,6.1463062826462505,8.33624405873084,0.0005,6.540613635999989
148,0.007297623650243849,6.286100347385113,8.426699109696939,0.0005,6.2937709280001854
149,0.007790996107021804,6.361515410302673,8.53636985517846,0.0005,6.685740487999965
150,0.007351936718210148,5.983305098187699,8.181352544065524,0.0005,6.530472596999971
