event,ordinal,token,cycle,group,item
put,128,0,127343,-1,-1
capture,128,0,127344,-1,-1
start,128,0,127345,-1,-1
group,128,0,127346,0,-1
chunk,128,0,127347,0,0
read,128,0,127348,0,0
dispatch,128,0,127349,0,0
read,128,0,127350,0,1
dispatch,128,0,127351,0,1
read,128,0,127352,0,2
response,128,0,127352,0,0
dispatch,128,0,127353,0,2
multiply,128,0,127353,0,0
combine,128,0,127354,0,0
read,128,0,127354,0,3
response,128,0,127354,0,1
accumulate,128,0,127355,0,0
dispatch,128,0,127355,0,3
multiply,128,0,127355,0,1
combine,128,0,127356,0,1
read,128,0,127356,0,4
response,128,0,127356,0,2
accumulate,128,0,127357,0,1
dispatch,128,0,127357,0,4
multiply,128,0,127357,0,2
combine,128,0,127358,0,2
read,128,0,127358,0,5
response,128,0,127358,0,3
accumulate,128,0,127359,0,2
dispatch,128,0,127359,0,5
multiply,128,0,127359,0,3
combine,128,0,127360,0,3
read,128,0,127360,0,6
response,128,0,127360,0,4
accumulate,128,0,127361,0,3
dispatch,128,0,127361,0,6
multiply,128,0,127361,0,4
combine,128,0,127362,0,4
read,128,0,127362,0,7
response,128,0,127362,0,5
accumulate,128,0,127363,0,4
dispatch,128,0,127363,0,7
multiply,128,0,127363,0,5
combine,128,0,127364,0,5
read,128,0,127364,0,8
response,128,0,127364,0,6
accumulate,128,0,127365,0,5
dispatch,128,0,127365,0,8
multiply,128,0,127365,0,6
combine,128,0,127366,0,6
read,128,0,127366,0,9
response,128,0,127366,0,7
accumulate,128,0,127367,0,6
dispatch,128,0,127367,0,9
multiply,128,0,127367,0,7
combine,128,0,127368,0,7
read,128,0,127368,0,10
response,128,0,127368,0,8
accumulate,128,0,127369,0,7
dispatch,128,0,127369,0,10
multiply,128,0,127369,0,8
combine,128,0,127370,0,8
read,128,0,127370,0,11
response,128,0,127370,0,9
accumulate,128,0,127371,0,8
dispatch,128,0,127371,0,11
multiply,128,0,127371,0,9
combine,128,0,127372,0,9
read,128,0,127372,0,12
response,128,0,127372,0,10
accumulate,128,0,127373,0,9
dispatch,128,0,127373,0,12
multiply,128,0,127373,0,10
combine,128,0,127374,0,10
read,128,0,127374,0,13
response,128,0,127374,0,11
accumulate,128,0,127375,0,10
dispatch,128,0,127375,0,13
multiply,128,0,127375,0,11
combine,128,0,127376,0,11
read,128,0,127376,0,14
response,128,0,127376,0,12
accumulate,128,0,127377,0,11
dispatch,128,0,127377,0,14
multiply,128,0,127377,0,12
combine,128,0,127378,0,12
read,128,0,127378,0,15
response,128,0,127378,0,13
accumulate,128,0,127379,0,12
chunk,128,0,127379,0,1
dispatch,128,0,127379,0,15
multiply,128,0,127379,0,13
combine,128,0,127380,0,13
read,128,0,127380,0,16
response,128,0,127380,0,14
accumulate,128,0,127381,0,13
dispatch,128,0,127381,0,16
multiply,128,0,127381,0,14
combine,128,0,127382,0,14
read,128,0,127382,0,17
response,128,0,127382,0,15
accumulate,128,0,127383,0,14
dispatch,128,0,127383,0,17
multiply,128,0,127383,0,15
combine,128,0,127384,0,15
read,128,0,127384,0,18
response,128,0,127384,0,16
accumulate,128,0,127385,0,15
dispatch,128,0,127385,0,18
multiply,128,0,127385,0,16
combine,128,0,127386,0,16
read,128,0,127386,0,19
response,128,0,127386,0,17
accumulate,128,0,127387,0,16
dispatch,128,0,127387,0,19
multiply,128,0,127387,0,17
combine,128,0,127388,0,17
response,128,0,127388,0,18
accumulate,128,0,127389,0,17
multiply,128,0,127389,0,18
combine,128,0,127390,0,18
response,128,0,127390,0,19
accumulate,128,0,127391,0,18
multiply,128,0,127391,0,19
combine,128,0,127392,0,19
last,128,0,127393,0,19
bias,128,0,127394,0,-1
restart,128,0,127394,0,-1
add,128,0,127395,0,-1
group,128,0,127395,1,-1
chunk,128,0,127396,1,0
round,128,0,127396,0,-1
collect,128,0,127397,0,-1
read,128,0,127397,1,0
dispatch,128,0,127398,1,0
read,128,0,127399,1,1
dispatch,128,0,127400,1,1
read,128,0,127401,1,2
response,128,0,127401,1,0
dispatch,128,0,127402,1,2
multiply,128,0,127402,1,0
combine,128,0,127403,1,0
read,128,0,127403,1,3
response,128,0,127403,1,1
accumulate,128,0,127404,1,0
dispatch,128,0,127404,1,3
multiply,128,0,127404,1,1
combine,128,0,127405,1,1
read,128,0,127405,1,4
response,128,0,127405,1,2
accumulate,128,0,127406,1,1
dispatch,128,0,127406,1,4
multiply,128,0,127406,1,2
combine,128,0,127407,1,2
read,128,0,127407,1,5
response,128,0,127407,1,3
accumulate,128,0,127408,1,2
dispatch,128,0,127408,1,5
multiply,128,0,127408,1,3
combine,128,0,127409,1,3
read,128,0,127409,1,6
response,128,0,127409,1,4
accumulate,128,0,127410,1,3
dispatch,128,0,127410,1,6
multiply,128,0,127410,1,4
combine,128,0,127411,1,4
read,128,0,127411,1,7
response,128,0,127411,1,5
accumulate,128,0,127412,1,4
dispatch,128,0,127412,1,7
multiply,128,0,127412,1,5
combine,128,0,127413,1,5
read,128,0,127413,1,8
response,128,0,127413,1,6
accumulate,128,0,127414,1,5
dispatch,128,0,127414,1,8
multiply,128,0,127414,1,6
combine,128,0,127415,1,6
read,128,0,127415,1,9
response,128,0,127415,1,7
accumulate,128,0,127416,1,6
dispatch,128,0,127416,1,9
multiply,128,0,127416,1,7
combine,128,0,127417,1,7
read,128,0,127417,1,10
response,128,0,127417,1,8
accumulate,128,0,127418,1,7
dispatch,128,0,127418,1,10
multiply,128,0,127418,1,8
combine,128,0,127419,1,8
read,128,0,127419,1,11
response,128,0,127419,1,9
accumulate,128,0,127420,1,8
dispatch,128,0,127420,1,11
multiply,128,0,127420,1,9
combine,128,0,127421,1,9
read,128,0,127421,1,12
response,128,0,127421,1,10
accumulate,128,0,127422,1,9
dispatch,128,0,127422,1,12
multiply,128,0,127422,1,10
combine,128,0,127423,1,10
read,128,0,127423,1,13
response,128,0,127423,1,11
accumulate,128,0,127424,1,10
dispatch,128,0,127424,1,13
multiply,128,0,127424,1,11
combine,128,0,127425,1,11
read,128,0,127425,1,14
response,128,0,127425,1,12
accumulate,128,0,127426,1,11
dispatch,128,0,127426,1,14
multiply,128,0,127426,1,12
combine,128,0,127427,1,12
read,128,0,127427,1,15
response,128,0,127427,1,13
accumulate,128,0,127428,1,12
chunk,128,0,127428,1,1
dispatch,128,0,127428,1,15
multiply,128,0,127428,1,13
combine,128,0,127429,1,13
read,128,0,127429,1,16
response,128,0,127429,1,14
accumulate,128,0,127430,1,13
dispatch,128,0,127430,1,16
multiply,128,0,127430,1,14
combine,128,0,127431,1,14
read,128,0,127431,1,17
response,128,0,127431,1,15
accumulate,128,0,127432,1,14
dispatch,128,0,127432,1,17
multiply,128,0,127432,1,15
combine,128,0,127433,1,15
read,128,0,127433,1,18
response,128,0,127433,1,16
accumulate,128,0,127434,1,15
dispatch,128,0,127434,1,18
multiply,128,0,127434,1,16
combine,128,0,127435,1,16
read,128,0,127435,1,19
response,128,0,127435,1,17
accumulate,128,0,127436,1,16
dispatch,128,0,127436,1,19
multiply,128,0,127436,1,17
combine,128,0,127437,1,17
response,128,0,127437,1,18
accumulate,128,0,127438,1,17
multiply,128,0,127438,1,18
combine,128,0,127439,1,18
response,128,0,127439,1,19
accumulate,128,0,127440,1,18
multiply,128,0,127440,1,19
combine,128,0,127441,1,19
last,128,0,127442,1,19
bias,128,0,127443,1,-1
restart,128,0,127443,1,-1
add,128,0,127444,1,-1
group,128,0,127444,2,-1
chunk,128,0,127445,2,0
round,128,0,127445,1,-1
collect,128,0,127446,1,-1
read,128,0,127446,2,0
dispatch,128,0,127447,2,0
read,128,0,127448,2,1
dispatch,128,0,127449,2,1
read,128,0,127450,2,2
response,128,0,127450,2,0
dispatch,128,0,127451,2,2
multiply,128,0,127451,2,0
combine,128,0,127452,2,0
read,128,0,127452,2,3
response,128,0,127452,2,1
accumulate,128,0,127453,2,0
dispatch,128,0,127453,2,3
multiply,128,0,127453,2,1
combine,128,0,127454,2,1
read,128,0,127454,2,4
response,128,0,127454,2,2
accumulate,128,0,127455,2,1
dispatch,128,0,127455,2,4
multiply,128,0,127455,2,2
combine,128,0,127456,2,2
read,128,0,127456,2,5
response,128,0,127456,2,3
accumulate,128,0,127457,2,2
dispatch,128,0,127457,2,5
multiply,128,0,127457,2,3
combine,128,0,127458,2,3
read,128,0,127458,2,6
response,128,0,127458,2,4
accumulate,128,0,127459,2,3
dispatch,128,0,127459,2,6
multiply,128,0,127459,2,4
combine,128,0,127460,2,4
read,128,0,127460,2,7
response,128,0,127460,2,5
accumulate,128,0,127461,2,4
dispatch,128,0,127461,2,7
multiply,128,0,127461,2,5
combine,128,0,127462,2,5
read,128,0,127462,2,8
response,128,0,127462,2,6
accumulate,128,0,127463,2,5
dispatch,128,0,127463,2,8
multiply,128,0,127463,2,6
combine,128,0,127464,2,6
read,128,0,127464,2,9
response,128,0,127464,2,7
accumulate,128,0,127465,2,6
dispatch,128,0,127465,2,9
multiply,128,0,127465,2,7
combine,128,0,127466,2,7
read,128,0,127466,2,10
response,128,0,127466,2,8
accumulate,128,0,127467,2,7
dispatch,128,0,127467,2,10
multiply,128,0,127467,2,8
combine,128,0,127468,2,8
read,128,0,127468,2,11
response,128,0,127468,2,9
accumulate,128,0,127469,2,8
dispatch,128,0,127469,2,11
multiply,128,0,127469,2,9
combine,128,0,127470,2,9
read,128,0,127470,2,12
response,128,0,127470,2,10
accumulate,128,0,127471,2,9
dispatch,128,0,127471,2,12
multiply,128,0,127471,2,10
combine,128,0,127472,2,10
read,128,0,127472,2,13
response,128,0,127472,2,11
accumulate,128,0,127473,2,10
dispatch,128,0,127473,2,13
multiply,128,0,127473,2,11
combine,128,0,127474,2,11
read,128,0,127474,2,14
response,128,0,127474,2,12
accumulate,128,0,127475,2,11
dispatch,128,0,127475,2,14
multiply,128,0,127475,2,12
combine,128,0,127476,2,12
read,128,0,127476,2,15
response,128,0,127476,2,13
accumulate,128,0,127477,2,12
chunk,128,0,127477,2,1
dispatch,128,0,127477,2,15
multiply,128,0,127477,2,13
combine,128,0,127478,2,13
read,128,0,127478,2,16
response,128,0,127478,2,14
accumulate,128,0,127479,2,13
dispatch,128,0,127479,2,16
multiply,128,0,127479,2,14
combine,128,0,127480,2,14
read,128,0,127480,2,17
response,128,0,127480,2,15
accumulate,128,0,127481,2,14
dispatch,128,0,127481,2,17
multiply,128,0,127481,2,15
combine,128,0,127482,2,15
read,128,0,127482,2,18
response,128,0,127482,2,16
accumulate,128,0,127483,2,15
dispatch,128,0,127483,2,18
multiply,128,0,127483,2,16
combine,128,0,127484,2,16
read,128,0,127484,2,19
response,128,0,127484,2,17
accumulate,128,0,127485,2,16
dispatch,128,0,127485,2,19
multiply,128,0,127485,2,17
combine,128,0,127486,2,17
response,128,0,127486,2,18
accumulate,128,0,127487,2,17
multiply,128,0,127487,2,18
combine,128,0,127488,2,18
response,128,0,127488,2,19
accumulate,128,0,127489,2,18
multiply,128,0,127489,2,19
combine,128,0,127490,2,19
last,128,0,127491,2,19
bias,128,0,127492,2,-1
restart,128,0,127492,2,-1
add,128,0,127493,2,-1
group,128,0,127493,3,-1
chunk,128,0,127494,3,0
round,128,0,127494,2,-1
collect,128,0,127495,2,-1
read,128,0,127495,3,0
dispatch,128,0,127496,3,0
read,128,0,127497,3,1
dispatch,128,0,127498,3,1
read,128,0,127499,3,2
response,128,0,127499,3,0
dispatch,128,0,127500,3,2
multiply,128,0,127500,3,0
combine,128,0,127501,3,0
read,128,0,127501,3,3
response,128,0,127501,3,1
accumulate,128,0,127502,3,0
dispatch,128,0,127502,3,3
multiply,128,0,127502,3,1
combine,128,0,127503,3,1
read,128,0,127503,3,4
response,128,0,127503,3,2
accumulate,128,0,127504,3,1
dispatch,128,0,127504,3,4
multiply,128,0,127504,3,2
combine,128,0,127505,3,2
read,128,0,127505,3,5
response,128,0,127505,3,3
accumulate,128,0,127506,3,2
dispatch,128,0,127506,3,5
multiply,128,0,127506,3,3
combine,128,0,127507,3,3
read,128,0,127507,3,6
response,128,0,127507,3,4
accumulate,128,0,127508,3,3
dispatch,128,0,127508,3,6
multiply,128,0,127508,3,4
combine,128,0,127509,3,4
read,128,0,127509,3,7
response,128,0,127509,3,5
accumulate,128,0,127510,3,4
dispatch,128,0,127510,3,7
multiply,128,0,127510,3,5
combine,128,0,127511,3,5
read,128,0,127511,3,8
response,128,0,127511,3,6
accumulate,128,0,127512,3,5
dispatch,128,0,127512,3,8
multiply,128,0,127512,3,6
combine,128,0,127513,3,6
read,128,0,127513,3,9
response,128,0,127513,3,7
accumulate,128,0,127514,3,6
dispatch,128,0,127514,3,9
multiply,128,0,127514,3,7
combine,128,0,127515,3,7
read,128,0,127515,3,10
response,128,0,127515,3,8
accumulate,128,0,127516,3,7
dispatch,128,0,127516,3,10
multiply,128,0,127516,3,8
combine,128,0,127517,3,8
read,128,0,127517,3,11
response,128,0,127517,3,9
accumulate,128,0,127518,3,8
dispatch,128,0,127518,3,11
multiply,128,0,127518,3,9
combine,128,0,127519,3,9
read,128,0,127519,3,12
response,128,0,127519,3,10
accumulate,128,0,127520,3,9
dispatch,128,0,127520,3,12
multiply,128,0,127520,3,10
combine,128,0,127521,3,10
read,128,0,127521,3,13
response,128,0,127521,3,11
accumulate,128,0,127522,3,10
dispatch,128,0,127522,3,13
multiply,128,0,127522,3,11
combine,128,0,127523,3,11
read,128,0,127523,3,14
response,128,0,127523,3,12
accumulate,128,0,127524,3,11
dispatch,128,0,127524,3,14
multiply,128,0,127524,3,12
combine,128,0,127525,3,12
read,128,0,127525,3,15
response,128,0,127525,3,13
accumulate,128,0,127526,3,12
chunk,128,0,127526,3,1
dispatch,128,0,127526,3,15
multiply,128,0,127526,3,13
combine,128,0,127527,3,13
read,128,0,127527,3,16
response,128,0,127527,3,14
accumulate,128,0,127528,3,13
dispatch,128,0,127528,3,16
multiply,128,0,127528,3,14
combine,128,0,127529,3,14
read,128,0,127529,3,17
response,128,0,127529,3,15
accumulate,128,0,127530,3,14
dispatch,128,0,127530,3,17
multiply,128,0,127530,3,15
combine,128,0,127531,3,15
read,128,0,127531,3,18
response,128,0,127531,3,16
accumulate,128,0,127532,3,15
dispatch,128,0,127532,3,18
multiply,128,0,127532,3,16
combine,128,0,127533,3,16
read,128,0,127533,3,19
response,128,0,127533,3,17
accumulate,128,0,127534,3,16
dispatch,128,0,127534,3,19
multiply,128,0,127534,3,17
combine,128,0,127535,3,17
response,128,0,127535,3,18
accumulate,128,0,127536,3,17
multiply,128,0,127536,3,18
combine,128,0,127537,3,18
response,128,0,127537,3,19
accumulate,128,0,127538,3,18
multiply,128,0,127538,3,19
combine,128,0,127539,3,19
last,128,0,127540,3,19
bias,128,0,127541,3,-1
restart,128,0,127541,3,-1
add,128,0,127542,3,-1
group,128,0,127542,4,-1
chunk,128,0,127543,4,0
round,128,0,127543,3,-1
collect,128,0,127544,3,-1
read,128,0,127544,4,0
dispatch,128,0,127545,4,0
read,128,0,127546,4,1
dispatch,128,0,127547,4,1
read,128,0,127548,4,2
response,128,0,127548,4,0
dispatch,128,0,127549,4,2
multiply,128,0,127549,4,0
combine,128,0,127550,4,0
read,128,0,127550,4,3
response,128,0,127550,4,1
accumulate,128,0,127551,4,0
dispatch,128,0,127551,4,3
multiply,128,0,127551,4,1
combine,128,0,127552,4,1
read,128,0,127552,4,4
response,128,0,127552,4,2
accumulate,128,0,127553,4,1
dispatch,128,0,127553,4,4
multiply,128,0,127553,4,2
combine,128,0,127554,4,2
read,128,0,127554,4,5
response,128,0,127554,4,3
accumulate,128,0,127555,4,2
dispatch,128,0,127555,4,5
multiply,128,0,127555,4,3
combine,128,0,127556,4,3
read,128,0,127556,4,6
response,128,0,127556,4,4
accumulate,128,0,127557,4,3
dispatch,128,0,127557,4,6
multiply,128,0,127557,4,4
combine,128,0,127558,4,4
read,128,0,127558,4,7
response,128,0,127558,4,5
accumulate,128,0,127559,4,4
dispatch,128,0,127559,4,7
multiply,128,0,127559,4,5
combine,128,0,127560,4,5
read,128,0,127560,4,8
response,128,0,127560,4,6
accumulate,128,0,127561,4,5
dispatch,128,0,127561,4,8
multiply,128,0,127561,4,6
combine,128,0,127562,4,6
read,128,0,127562,4,9
response,128,0,127562,4,7
accumulate,128,0,127563,4,6
dispatch,128,0,127563,4,9
multiply,128,0,127563,4,7
combine,128,0,127564,4,7
read,128,0,127564,4,10
response,128,0,127564,4,8
accumulate,128,0,127565,4,7
dispatch,128,0,127565,4,10
multiply,128,0,127565,4,8
combine,128,0,127566,4,8
read,128,0,127566,4,11
response,128,0,127566,4,9
accumulate,128,0,127567,4,8
dispatch,128,0,127567,4,11
multiply,128,0,127567,4,9
combine,128,0,127568,4,9
read,128,0,127568,4,12
response,128,0,127568,4,10
accumulate,128,0,127569,4,9
dispatch,128,0,127569,4,12
multiply,128,0,127569,4,10
combine,128,0,127570,4,10
read,128,0,127570,4,13
response,128,0,127570,4,11
accumulate,128,0,127571,4,10
dispatch,128,0,127571,4,13
multiply,128,0,127571,4,11
combine,128,0,127572,4,11
read,128,0,127572,4,14
response,128,0,127572,4,12
accumulate,128,0,127573,4,11
dispatch,128,0,127573,4,14
multiply,128,0,127573,4,12
combine,128,0,127574,4,12
read,128,0,127574,4,15
response,128,0,127574,4,13
accumulate,128,0,127575,4,12
chunk,128,0,127575,4,1
dispatch,128,0,127575,4,15
multiply,128,0,127575,4,13
combine,128,0,127576,4,13
read,128,0,127576,4,16
response,128,0,127576,4,14
accumulate,128,0,127577,4,13
dispatch,128,0,127577,4,16
multiply,128,0,127577,4,14
combine,128,0,127578,4,14
read,128,0,127578,4,17
response,128,0,127578,4,15
accumulate,128,0,127579,4,14
dispatch,128,0,127579,4,17
multiply,128,0,127579,4,15
combine,128,0,127580,4,15
read,128,0,127580,4,18
response,128,0,127580,4,16
accumulate,128,0,127581,4,15
dispatch,128,0,127581,4,18
multiply,128,0,127581,4,16
combine,128,0,127582,4,16
read,128,0,127582,4,19
response,128,0,127582,4,17
accumulate,128,0,127583,4,16
dispatch,128,0,127583,4,19
multiply,128,0,127583,4,17
combine,128,0,127584,4,17
response,128,0,127584,4,18
accumulate,128,0,127585,4,17
multiply,128,0,127585,4,18
combine,128,0,127586,4,18
response,128,0,127586,4,19
accumulate,128,0,127587,4,18
multiply,128,0,127587,4,19
combine,128,0,127588,4,19
last,128,0,127589,4,19
bias,128,0,127590,4,-1
restart,128,0,127590,4,-1
add,128,0,127591,4,-1
group,128,0,127591,5,-1
chunk,128,0,127592,5,0
round,128,0,127592,4,-1
collect,128,0,127593,4,-1
read,128,0,127593,5,0
dispatch,128,0,127594,5,0
read,128,0,127595,5,1
dispatch,128,0,127596,5,1
read,128,0,127597,5,2
response,128,0,127597,5,0
dispatch,128,0,127598,5,2
multiply,128,0,127598,5,0
combine,128,0,127599,5,0
read,128,0,127599,5,3
response,128,0,127599,5,1
accumulate,128,0,127600,5,0
dispatch,128,0,127600,5,3
multiply,128,0,127600,5,1
combine,128,0,127601,5,1
read,128,0,127601,5,4
response,128,0,127601,5,2
accumulate,128,0,127602,5,1
dispatch,128,0,127602,5,4
multiply,128,0,127602,5,2
combine,128,0,127603,5,2
read,128,0,127603,5,5
response,128,0,127603,5,3
accumulate,128,0,127604,5,2
dispatch,128,0,127604,5,5
multiply,128,0,127604,5,3
combine,128,0,127605,5,3
read,128,0,127605,5,6
response,128,0,127605,5,4
accumulate,128,0,127606,5,3
dispatch,128,0,127606,5,6
multiply,128,0,127606,5,4
combine,128,0,127607,5,4
read,128,0,127607,5,7
response,128,0,127607,5,5
accumulate,128,0,127608,5,4
dispatch,128,0,127608,5,7
multiply,128,0,127608,5,5
combine,128,0,127609,5,5
read,128,0,127609,5,8
response,128,0,127609,5,6
accumulate,128,0,127610,5,5
dispatch,128,0,127610,5,8
multiply,128,0,127610,5,6
combine,128,0,127611,5,6
read,128,0,127611,5,9
response,128,0,127611,5,7
accumulate,128,0,127612,5,6
dispatch,128,0,127612,5,9
multiply,128,0,127612,5,7
combine,128,0,127613,5,7
read,128,0,127613,5,10
response,128,0,127613,5,8
accumulate,128,0,127614,5,7
dispatch,128,0,127614,5,10
multiply,128,0,127614,5,8
combine,128,0,127615,5,8
read,128,0,127615,5,11
response,128,0,127615,5,9
accumulate,128,0,127616,5,8
dispatch,128,0,127616,5,11
multiply,128,0,127616,5,9
combine,128,0,127617,5,9
read,128,0,127617,5,12
response,128,0,127617,5,10
accumulate,128,0,127618,5,9
dispatch,128,0,127618,5,12
multiply,128,0,127618,5,10
combine,128,0,127619,5,10
read,128,0,127619,5,13
response,128,0,127619,5,11
accumulate,128,0,127620,5,10
dispatch,128,0,127620,5,13
multiply,128,0,127620,5,11
combine,128,0,127621,5,11
read,128,0,127621,5,14
response,128,0,127621,5,12
accumulate,128,0,127622,5,11
dispatch,128,0,127622,5,14
multiply,128,0,127622,5,12
combine,128,0,127623,5,12
read,128,0,127623,5,15
response,128,0,127623,5,13
accumulate,128,0,127624,5,12
chunk,128,0,127624,5,1
dispatch,128,0,127624,5,15
multiply,128,0,127624,5,13
combine,128,0,127625,5,13
read,128,0,127625,5,16
response,128,0,127625,5,14
accumulate,128,0,127626,5,13
dispatch,128,0,127626,5,16
multiply,128,0,127626,5,14
combine,128,0,127627,5,14
read,128,0,127627,5,17
response,128,0,127627,5,15
accumulate,128,0,127628,5,14
dispatch,128,0,127628,5,17
multiply,128,0,127628,5,15
combine,128,0,127629,5,15
read,128,0,127629,5,18
response,128,0,127629,5,16
accumulate,128,0,127630,5,15
dispatch,128,0,127630,5,18
multiply,128,0,127630,5,16
combine,128,0,127631,5,16
read,128,0,127631,5,19
response,128,0,127631,5,17
accumulate,128,0,127632,5,16
dispatch,128,0,127632,5,19
multiply,128,0,127632,5,17
combine,128,0,127633,5,17
response,128,0,127633,5,18
accumulate,128,0,127634,5,17
multiply,128,0,127634,5,18
combine,128,0,127635,5,18
response,128,0,127635,5,19
accumulate,128,0,127636,5,18
multiply,128,0,127636,5,19
combine,128,0,127637,5,19
last,128,0,127638,5,19
bias,128,0,127639,5,-1
restart,128,0,127639,5,-1
add,128,0,127640,5,-1
group,128,0,127640,6,-1
chunk,128,0,127641,6,0
round,128,0,127641,5,-1
collect,128,0,127642,5,-1
read,128,0,127642,6,0
dispatch,128,0,127643,6,0
read,128,0,127644,6,1
dispatch,128,0,127645,6,1
read,128,0,127646,6,2
response,128,0,127646,6,0
dispatch,128,0,127647,6,2
multiply,128,0,127647,6,0
combine,128,0,127648,6,0
read,128,0,127648,6,3
response,128,0,127648,6,1
accumulate,128,0,127649,6,0
dispatch,128,0,127649,6,3
multiply,128,0,127649,6,1
combine,128,0,127650,6,1
read,128,0,127650,6,4
response,128,0,127650,6,2
accumulate,128,0,127651,6,1
dispatch,128,0,127651,6,4
multiply,128,0,127651,6,2
combine,128,0,127652,6,2
read,128,0,127652,6,5
response,128,0,127652,6,3
accumulate,128,0,127653,6,2
dispatch,128,0,127653,6,5
multiply,128,0,127653,6,3
combine,128,0,127654,6,3
read,128,0,127654,6,6
response,128,0,127654,6,4
accumulate,128,0,127655,6,3
dispatch,128,0,127655,6,6
multiply,128,0,127655,6,4
combine,128,0,127656,6,4
read,128,0,127656,6,7
response,128,0,127656,6,5
accumulate,128,0,127657,6,4
dispatch,128,0,127657,6,7
multiply,128,0,127657,6,5
combine,128,0,127658,6,5
read,128,0,127658,6,8
response,128,0,127658,6,6
accumulate,128,0,127659,6,5
dispatch,128,0,127659,6,8
multiply,128,0,127659,6,6
combine,128,0,127660,6,6
read,128,0,127660,6,9
response,128,0,127660,6,7
accumulate,128,0,127661,6,6
dispatch,128,0,127661,6,9
multiply,128,0,127661,6,7
combine,128,0,127662,6,7
read,128,0,127662,6,10
response,128,0,127662,6,8
accumulate,128,0,127663,6,7
dispatch,128,0,127663,6,10
multiply,128,0,127663,6,8
combine,128,0,127664,6,8
read,128,0,127664,6,11
response,128,0,127664,6,9
accumulate,128,0,127665,6,8
dispatch,128,0,127665,6,11
multiply,128,0,127665,6,9
combine,128,0,127666,6,9
read,128,0,127666,6,12
response,128,0,127666,6,10
accumulate,128,0,127667,6,9
dispatch,128,0,127667,6,12
multiply,128,0,127667,6,10
combine,128,0,127668,6,10
read,128,0,127668,6,13
response,128,0,127668,6,11
accumulate,128,0,127669,6,10
dispatch,128,0,127669,6,13
multiply,128,0,127669,6,11
combine,128,0,127670,6,11
read,128,0,127670,6,14
response,128,0,127670,6,12
accumulate,128,0,127671,6,11
dispatch,128,0,127671,6,14
multiply,128,0,127671,6,12
combine,128,0,127672,6,12
read,128,0,127672,6,15
response,128,0,127672,6,13
accumulate,128,0,127673,6,12
chunk,128,0,127673,6,1
dispatch,128,0,127673,6,15
multiply,128,0,127673,6,13
combine,128,0,127674,6,13
read,128,0,127674,6,16
response,128,0,127674,6,14
accumulate,128,0,127675,6,13
dispatch,128,0,127675,6,16
multiply,128,0,127675,6,14
combine,128,0,127676,6,14
read,128,0,127676,6,17
response,128,0,127676,6,15
accumulate,128,0,127677,6,14
dispatch,128,0,127677,6,17
multiply,128,0,127677,6,15
combine,128,0,127678,6,15
read,128,0,127678,6,18
response,128,0,127678,6,16
accumulate,128,0,127679,6,15
dispatch,128,0,127679,6,18
multiply,128,0,127679,6,16
combine,128,0,127680,6,16
read,128,0,127680,6,19
response,128,0,127680,6,17
accumulate,128,0,127681,6,16
dispatch,128,0,127681,6,19
multiply,128,0,127681,6,17
combine,128,0,127682,6,17
response,128,0,127682,6,18
accumulate,128,0,127683,6,17
multiply,128,0,127683,6,18
combine,128,0,127684,6,18
response,128,0,127684,6,19
accumulate,128,0,127685,6,18
multiply,128,0,127685,6,19
combine,128,0,127686,6,19
last,128,0,127687,6,19
bias,128,0,127688,6,-1
restart,128,0,127688,6,-1
add,128,0,127689,6,-1
group,128,0,127689,7,-1
chunk,128,0,127690,7,0
round,128,0,127690,6,-1
collect,128,0,127691,6,-1
read,128,0,127691,7,0
dispatch,128,0,127692,7,0
read,128,0,127693,7,1
dispatch,128,0,127694,7,1
read,128,0,127695,7,2
response,128,0,127695,7,0
dispatch,128,0,127696,7,2
multiply,128,0,127696,7,0
combine,128,0,127697,7,0
read,128,0,127697,7,3
response,128,0,127697,7,1
accumulate,128,0,127698,7,0
dispatch,128,0,127698,7,3
multiply,128,0,127698,7,1
combine,128,0,127699,7,1
read,128,0,127699,7,4
response,128,0,127699,7,2
accumulate,128,0,127700,7,1
dispatch,128,0,127700,7,4
multiply,128,0,127700,7,2
combine,128,0,127701,7,2
read,128,0,127701,7,5
response,128,0,127701,7,3
accumulate,128,0,127702,7,2
dispatch,128,0,127702,7,5
multiply,128,0,127702,7,3
combine,128,0,127703,7,3
read,128,0,127703,7,6
response,128,0,127703,7,4
accumulate,128,0,127704,7,3
dispatch,128,0,127704,7,6
multiply,128,0,127704,7,4
combine,128,0,127705,7,4
read,128,0,127705,7,7
response,128,0,127705,7,5
accumulate,128,0,127706,7,4
dispatch,128,0,127706,7,7
multiply,128,0,127706,7,5
combine,128,0,127707,7,5
read,128,0,127707,7,8
response,128,0,127707,7,6
accumulate,128,0,127708,7,5
dispatch,128,0,127708,7,8
multiply,128,0,127708,7,6
combine,128,0,127709,7,6
read,128,0,127709,7,9
response,128,0,127709,7,7
accumulate,128,0,127710,7,6
dispatch,128,0,127710,7,9
multiply,128,0,127710,7,7
combine,128,0,127711,7,7
read,128,0,127711,7,10
response,128,0,127711,7,8
accumulate,128,0,127712,7,7
dispatch,128,0,127712,7,10
multiply,128,0,127712,7,8
combine,128,0,127713,7,8
read,128,0,127713,7,11
response,128,0,127713,7,9
accumulate,128,0,127714,7,8
dispatch,128,0,127714,7,11
multiply,128,0,127714,7,9
combine,128,0,127715,7,9
read,128,0,127715,7,12
response,128,0,127715,7,10
accumulate,128,0,127716,7,9
dispatch,128,0,127716,7,12
multiply,128,0,127716,7,10
combine,128,0,127717,7,10
read,128,0,127717,7,13
response,128,0,127717,7,11
accumulate,128,0,127718,7,10
dispatch,128,0,127718,7,13
multiply,128,0,127718,7,11
combine,128,0,127719,7,11
read,128,0,127719,7,14
response,128,0,127719,7,12
accumulate,128,0,127720,7,11
dispatch,128,0,127720,7,14
multiply,128,0,127720,7,12
combine,128,0,127721,7,12
read,128,0,127721,7,15
response,128,0,127721,7,13
accumulate,128,0,127722,7,12
chunk,128,0,127722,7,1
dispatch,128,0,127722,7,15
multiply,128,0,127722,7,13
combine,128,0,127723,7,13
read,128,0,127723,7,16
response,128,0,127723,7,14
accumulate,128,0,127724,7,13
dispatch,128,0,127724,7,16
multiply,128,0,127724,7,14
combine,128,0,127725,7,14
read,128,0,127725,7,17
response,128,0,127725,7,15
accumulate,128,0,127726,7,14
dispatch,128,0,127726,7,17
multiply,128,0,127726,7,15
combine,128,0,127727,7,15
read,128,0,127727,7,18
response,128,0,127727,7,16
accumulate,128,0,127728,7,15
dispatch,128,0,127728,7,18
multiply,128,0,127728,7,16
combine,128,0,127729,7,16
read,128,0,127729,7,19
response,128,0,127729,7,17
accumulate,128,0,127730,7,16
dispatch,128,0,127730,7,19
multiply,128,0,127730,7,17
combine,128,0,127731,7,17
response,128,0,127731,7,18
accumulate,128,0,127732,7,17
multiply,128,0,127732,7,18
combine,128,0,127733,7,18
response,128,0,127733,7,19
accumulate,128,0,127734,7,18
multiply,128,0,127734,7,19
combine,128,0,127735,7,19
last,128,0,127736,7,19
bias,128,0,127737,7,-1
restart,128,0,127737,7,-1
add,128,0,127738,7,-1
group,128,0,127738,8,-1
chunk,128,0,127739,8,0
round,128,0,127739,7,-1
collect,128,0,127740,7,-1
read,128,0,127740,8,0
dispatch,128,0,127741,8,0
read,128,0,127742,8,1
dispatch,128,0,127743,8,1
read,128,0,127744,8,2
response,128,0,127744,8,0
dispatch,128,0,127745,8,2
multiply,128,0,127745,8,0
combine,128,0,127746,8,0
read,128,0,127746,8,3
response,128,0,127746,8,1
accumulate,128,0,127747,8,0
dispatch,128,0,127747,8,3
multiply,128,0,127747,8,1
combine,128,0,127748,8,1
read,128,0,127748,8,4
response,128,0,127748,8,2
accumulate,128,0,127749,8,1
dispatch,128,0,127749,8,4
multiply,128,0,127749,8,2
combine,128,0,127750,8,2
read,128,0,127750,8,5
response,128,0,127750,8,3
accumulate,128,0,127751,8,2
dispatch,128,0,127751,8,5
multiply,128,0,127751,8,3
combine,128,0,127752,8,3
read,128,0,127752,8,6
response,128,0,127752,8,4
accumulate,128,0,127753,8,3
dispatch,128,0,127753,8,6
multiply,128,0,127753,8,4
combine,128,0,127754,8,4
read,128,0,127754,8,7
response,128,0,127754,8,5
accumulate,128,0,127755,8,4
dispatch,128,0,127755,8,7
multiply,128,0,127755,8,5
combine,128,0,127756,8,5
read,128,0,127756,8,8
response,128,0,127756,8,6
accumulate,128,0,127757,8,5
dispatch,128,0,127757,8,8
multiply,128,0,127757,8,6
combine,128,0,127758,8,6
read,128,0,127758,8,9
response,128,0,127758,8,7
accumulate,128,0,127759,8,6
dispatch,128,0,127759,8,9
multiply,128,0,127759,8,7
combine,128,0,127760,8,7
read,128,0,127760,8,10
response,128,0,127760,8,8
accumulate,128,0,127761,8,7
dispatch,128,0,127761,8,10
multiply,128,0,127761,8,8
combine,128,0,127762,8,8
read,128,0,127762,8,11
response,128,0,127762,8,9
accumulate,128,0,127763,8,8
dispatch,128,0,127763,8,11
multiply,128,0,127763,8,9
combine,128,0,127764,8,9
read,128,0,127764,8,12
response,128,0,127764,8,10
accumulate,128,0,127765,8,9
dispatch,128,0,127765,8,12
multiply,128,0,127765,8,10
combine,128,0,127766,8,10
read,128,0,127766,8,13
response,128,0,127766,8,11
accumulate,128,0,127767,8,10
dispatch,128,0,127767,8,13
multiply,128,0,127767,8,11
combine,128,0,127768,8,11
read,128,0,127768,8,14
response,128,0,127768,8,12
accumulate,128,0,127769,8,11
dispatch,128,0,127769,8,14
multiply,128,0,127769,8,12
combine,128,0,127770,8,12
read,128,0,127770,8,15
response,128,0,127770,8,13
accumulate,128,0,127771,8,12
chunk,128,0,127771,8,1
dispatch,128,0,127771,8,15
multiply,128,0,127771,8,13
combine,128,0,127772,8,13
read,128,0,127772,8,16
response,128,0,127772,8,14
accumulate,128,0,127773,8,13
dispatch,128,0,127773,8,16
multiply,128,0,127773,8,14
combine,128,0,127774,8,14
read,128,0,127774,8,17
response,128,0,127774,8,15
accumulate,128,0,127775,8,14
dispatch,128,0,127775,8,17
multiply,128,0,127775,8,15
combine,128,0,127776,8,15
read,128,0,127776,8,18
response,128,0,127776,8,16
accumulate,128,0,127777,8,15
dispatch,128,0,127777,8,18
multiply,128,0,127777,8,16
combine,128,0,127778,8,16
read,128,0,127778,8,19
response,128,0,127778,8,17
accumulate,128,0,127779,8,16
dispatch,128,0,127779,8,19
multiply,128,0,127779,8,17
combine,128,0,127780,8,17
response,128,0,127780,8,18
accumulate,128,0,127781,8,17
multiply,128,0,127781,8,18
combine,128,0,127782,8,18
response,128,0,127782,8,19
accumulate,128,0,127783,8,18
multiply,128,0,127783,8,19
combine,128,0,127784,8,19
last,128,0,127785,8,19
bias,128,0,127786,8,-1
restart,128,0,127786,8,-1
add,128,0,127787,8,-1
group,128,0,127787,9,-1
chunk,128,0,127788,9,0
round,128,0,127788,8,-1
collect,128,0,127789,8,-1
read,128,0,127789,9,0
dispatch,128,0,127790,9,0
read,128,0,127791,9,1
dispatch,128,0,127792,9,1
read,128,0,127793,9,2
response,128,0,127793,9,0
dispatch,128,0,127794,9,2
multiply,128,0,127794,9,0
combine,128,0,127795,9,0
read,128,0,127795,9,3
response,128,0,127795,9,1
accumulate,128,0,127796,9,0
dispatch,128,0,127796,9,3
multiply,128,0,127796,9,1
combine,128,0,127797,9,1
read,128,0,127797,9,4
response,128,0,127797,9,2
accumulate,128,0,127798,9,1
dispatch,128,0,127798,9,4
multiply,128,0,127798,9,2
combine,128,0,127799,9,2
read,128,0,127799,9,5
response,128,0,127799,9,3
accumulate,128,0,127800,9,2
dispatch,128,0,127800,9,5
multiply,128,0,127800,9,3
combine,128,0,127801,9,3
read,128,0,127801,9,6
response,128,0,127801,9,4
accumulate,128,0,127802,9,3
dispatch,128,0,127802,9,6
multiply,128,0,127802,9,4
combine,128,0,127803,9,4
read,128,0,127803,9,7
response,128,0,127803,9,5
accumulate,128,0,127804,9,4
dispatch,128,0,127804,9,7
multiply,128,0,127804,9,5
combine,128,0,127805,9,5
read,128,0,127805,9,8
response,128,0,127805,9,6
accumulate,128,0,127806,9,5
dispatch,128,0,127806,9,8
multiply,128,0,127806,9,6
combine,128,0,127807,9,6
read,128,0,127807,9,9
response,128,0,127807,9,7
accumulate,128,0,127808,9,6
dispatch,128,0,127808,9,9
multiply,128,0,127808,9,7
combine,128,0,127809,9,7
read,128,0,127809,9,10
response,128,0,127809,9,8
accumulate,128,0,127810,9,7
dispatch,128,0,127810,9,10
multiply,128,0,127810,9,8
combine,128,0,127811,9,8
read,128,0,127811,9,11
response,128,0,127811,9,9
accumulate,128,0,127812,9,8
dispatch,128,0,127812,9,11
multiply,128,0,127812,9,9
combine,128,0,127813,9,9
read,128,0,127813,9,12
response,128,0,127813,9,10
accumulate,128,0,127814,9,9
dispatch,128,0,127814,9,12
multiply,128,0,127814,9,10
combine,128,0,127815,9,10
read,128,0,127815,9,13
response,128,0,127815,9,11
accumulate,128,0,127816,9,10
dispatch,128,0,127816,9,13
multiply,128,0,127816,9,11
combine,128,0,127817,9,11
read,128,0,127817,9,14
response,128,0,127817,9,12
accumulate,128,0,127818,9,11
dispatch,128,0,127818,9,14
multiply,128,0,127818,9,12
combine,128,0,127819,9,12
read,128,0,127819,9,15
response,128,0,127819,9,13
accumulate,128,0,127820,9,12
chunk,128,0,127820,9,1
dispatch,128,0,127820,9,15
multiply,128,0,127820,9,13
combine,128,0,127821,9,13
read,128,0,127821,9,16
response,128,0,127821,9,14
accumulate,128,0,127822,9,13
dispatch,128,0,127822,9,16
multiply,128,0,127822,9,14
combine,128,0,127823,9,14
read,128,0,127823,9,17
response,128,0,127823,9,15
accumulate,128,0,127824,9,14
dispatch,128,0,127824,9,17
multiply,128,0,127824,9,15
combine,128,0,127825,9,15
read,128,0,127825,9,18
response,128,0,127825,9,16
accumulate,128,0,127826,9,15
dispatch,128,0,127826,9,18
multiply,128,0,127826,9,16
combine,128,0,127827,9,16
read,128,0,127827,9,19
response,128,0,127827,9,17
accumulate,128,0,127828,9,16
dispatch,128,0,127828,9,19
multiply,128,0,127828,9,17
combine,128,0,127829,9,17
response,128,0,127829,9,18
accumulate,128,0,127830,9,17
multiply,128,0,127830,9,18
combine,128,0,127831,9,18
response,128,0,127831,9,19
accumulate,128,0,127832,9,18
multiply,128,0,127832,9,19
combine,128,0,127833,9,19
last,128,0,127834,9,19
bias,128,0,127835,9,-1
restart,128,0,127835,9,-1
add,128,0,127836,9,-1
group,128,0,127836,10,-1
chunk,128,0,127837,10,0
round,128,0,127837,9,-1
collect,128,0,127838,9,-1
read,128,0,127838,10,0
dispatch,128,0,127839,10,0
read,128,0,127840,10,1
dispatch,128,0,127841,10,1
read,128,0,127842,10,2
response,128,0,127842,10,0
dispatch,128,0,127843,10,2
multiply,128,0,127843,10,0
combine,128,0,127844,10,0
read,128,0,127844,10,3
response,128,0,127844,10,1
accumulate,128,0,127845,10,0
dispatch,128,0,127845,10,3
multiply,128,0,127845,10,1
combine,128,0,127846,10,1
read,128,0,127846,10,4
response,128,0,127846,10,2
accumulate,128,0,127847,10,1
dispatch,128,0,127847,10,4
multiply,128,0,127847,10,2
combine,128,0,127848,10,2
read,128,0,127848,10,5
response,128,0,127848,10,3
accumulate,128,0,127849,10,2
dispatch,128,0,127849,10,5
multiply,128,0,127849,10,3
combine,128,0,127850,10,3
read,128,0,127850,10,6
response,128,0,127850,10,4
accumulate,128,0,127851,10,3
dispatch,128,0,127851,10,6
multiply,128,0,127851,10,4
combine,128,0,127852,10,4
read,128,0,127852,10,7
response,128,0,127852,10,5
accumulate,128,0,127853,10,4
dispatch,128,0,127853,10,7
multiply,128,0,127853,10,5
combine,128,0,127854,10,5
read,128,0,127854,10,8
response,128,0,127854,10,6
accumulate,128,0,127855,10,5
dispatch,128,0,127855,10,8
multiply,128,0,127855,10,6
combine,128,0,127856,10,6
read,128,0,127856,10,9
response,128,0,127856,10,7
accumulate,128,0,127857,10,6
dispatch,128,0,127857,10,9
multiply,128,0,127857,10,7
combine,128,0,127858,10,7
read,128,0,127858,10,10
response,128,0,127858,10,8
accumulate,128,0,127859,10,7
dispatch,128,0,127859,10,10
multiply,128,0,127859,10,8
combine,128,0,127860,10,8
read,128,0,127860,10,11
response,128,0,127860,10,9
accumulate,128,0,127861,10,8
dispatch,128,0,127861,10,11
multiply,128,0,127861,10,9
combine,128,0,127862,10,9
read,128,0,127862,10,12
response,128,0,127862,10,10
accumulate,128,0,127863,10,9
dispatch,128,0,127863,10,12
multiply,128,0,127863,10,10
combine,128,0,127864,10,10
read,128,0,127864,10,13
response,128,0,127864,10,11
accumulate,128,0,127865,10,10
dispatch,128,0,127865,10,13
multiply,128,0,127865,10,11
combine,128,0,127866,10,11
read,128,0,127866,10,14
response,128,0,127866,10,12
accumulate,128,0,127867,10,11
dispatch,128,0,127867,10,14
multiply,128,0,127867,10,12
combine,128,0,127868,10,12
read,128,0,127868,10,15
response,128,0,127868,10,13
accumulate,128,0,127869,10,12
chunk,128,0,127869,10,1
dispatch,128,0,127869,10,15
multiply,128,0,127869,10,13
combine,128,0,127870,10,13
read,128,0,127870,10,16
response,128,0,127870,10,14
accumulate,128,0,127871,10,13
dispatch,128,0,127871,10,16
multiply,128,0,127871,10,14
combine,128,0,127872,10,14
read,128,0,127872,10,17
response,128,0,127872,10,15
accumulate,128,0,127873,10,14
dispatch,128,0,127873,10,17
multiply,128,0,127873,10,15
combine,128,0,127874,10,15
read,128,0,127874,10,18
response,128,0,127874,10,16
accumulate,128,0,127875,10,15
dispatch,128,0,127875,10,18
multiply,128,0,127875,10,16
combine,128,0,127876,10,16
read,128,0,127876,10,19
response,128,0,127876,10,17
accumulate,128,0,127877,10,16
dispatch,128,0,127877,10,19
multiply,128,0,127877,10,17
combine,128,0,127878,10,17
response,128,0,127878,10,18
accumulate,128,0,127879,10,17
multiply,128,0,127879,10,18
combine,128,0,127880,10,18
response,128,0,127880,10,19
accumulate,128,0,127881,10,18
multiply,128,0,127881,10,19
combine,128,0,127882,10,19
last,128,0,127883,10,19
bias,128,0,127884,10,-1
restart,128,0,127884,10,-1
add,128,0,127885,10,-1
group,128,0,127885,11,-1
chunk,128,0,127886,11,0
round,128,0,127886,10,-1
collect,128,0,127887,10,-1
read,128,0,127887,11,0
dispatch,128,0,127888,11,0
read,128,0,127889,11,1
dispatch,128,0,127890,11,1
read,128,0,127891,11,2
response,128,0,127891,11,0
dispatch,128,0,127892,11,2
multiply,128,0,127892,11,0
combine,128,0,127893,11,0
read,128,0,127893,11,3
response,128,0,127893,11,1
accumulate,128,0,127894,11,0
dispatch,128,0,127894,11,3
multiply,128,0,127894,11,1
combine,128,0,127895,11,1
read,128,0,127895,11,4
response,128,0,127895,11,2
accumulate,128,0,127896,11,1
dispatch,128,0,127896,11,4
multiply,128,0,127896,11,2
combine,128,0,127897,11,2
read,128,0,127897,11,5
response,128,0,127897,11,3
accumulate,128,0,127898,11,2
dispatch,128,0,127898,11,5
multiply,128,0,127898,11,3
combine,128,0,127899,11,3
read,128,0,127899,11,6
response,128,0,127899,11,4
accumulate,128,0,127900,11,3
dispatch,128,0,127900,11,6
multiply,128,0,127900,11,4
combine,128,0,127901,11,4
read,128,0,127901,11,7
response,128,0,127901,11,5
accumulate,128,0,127902,11,4
dispatch,128,0,127902,11,7
multiply,128,0,127902,11,5
combine,128,0,127903,11,5
read,128,0,127903,11,8
response,128,0,127903,11,6
accumulate,128,0,127904,11,5
dispatch,128,0,127904,11,8
multiply,128,0,127904,11,6
combine,128,0,127905,11,6
read,128,0,127905,11,9
response,128,0,127905,11,7
accumulate,128,0,127906,11,6
dispatch,128,0,127906,11,9
multiply,128,0,127906,11,7
combine,128,0,127907,11,7
read,128,0,127907,11,10
response,128,0,127907,11,8
accumulate,128,0,127908,11,7
dispatch,128,0,127908,11,10
multiply,128,0,127908,11,8
combine,128,0,127909,11,8
read,128,0,127909,11,11
response,128,0,127909,11,9
accumulate,128,0,127910,11,8
dispatch,128,0,127910,11,11
multiply,128,0,127910,11,9
combine,128,0,127911,11,9
read,128,0,127911,11,12
response,128,0,127911,11,10
accumulate,128,0,127912,11,9
dispatch,128,0,127912,11,12
multiply,128,0,127912,11,10
combine,128,0,127913,11,10
read,128,0,127913,11,13
response,128,0,127913,11,11
accumulate,128,0,127914,11,10
dispatch,128,0,127914,11,13
multiply,128,0,127914,11,11
combine,128,0,127915,11,11
read,128,0,127915,11,14
response,128,0,127915,11,12
accumulate,128,0,127916,11,11
dispatch,128,0,127916,11,14
multiply,128,0,127916,11,12
combine,128,0,127917,11,12
read,128,0,127917,11,15
response,128,0,127917,11,13
accumulate,128,0,127918,11,12
chunk,128,0,127918,11,1
dispatch,128,0,127918,11,15
multiply,128,0,127918,11,13
combine,128,0,127919,11,13
read,128,0,127919,11,16
response,128,0,127919,11,14
accumulate,128,0,127920,11,13
dispatch,128,0,127920,11,16
multiply,128,0,127920,11,14
combine,128,0,127921,11,14
read,128,0,127921,11,17
response,128,0,127921,11,15
accumulate,128,0,127922,11,14
dispatch,128,0,127922,11,17
multiply,128,0,127922,11,15
combine,128,0,127923,11,15
read,128,0,127923,11,18
response,128,0,127923,11,16
accumulate,128,0,127924,11,15
dispatch,128,0,127924,11,18
multiply,128,0,127924,11,16
combine,128,0,127925,11,16
read,128,0,127925,11,19
response,128,0,127925,11,17
accumulate,128,0,127926,11,16
dispatch,128,0,127926,11,19
multiply,128,0,127926,11,17
combine,128,0,127927,11,17
response,128,0,127927,11,18
accumulate,128,0,127928,11,17
multiply,128,0,127928,11,18
combine,128,0,127929,11,18
response,128,0,127929,11,19
accumulate,128,0,127930,11,18
multiply,128,0,127930,11,19
combine,128,0,127931,11,19
last,128,0,127932,11,19
bias,128,0,127933,11,-1
restart,128,0,127933,11,-1
add,128,0,127934,11,-1
group,128,0,127934,12,-1
chunk,128,0,127935,12,0
round,128,0,127935,11,-1
collect,128,0,127936,11,-1
read,128,0,127936,12,0
dispatch,128,0,127937,12,0
read,128,0,127938,12,1
dispatch,128,0,127939,12,1
read,128,0,127940,12,2
response,128,0,127940,12,0
dispatch,128,0,127941,12,2
multiply,128,0,127941,12,0
combine,128,0,127942,12,0
read,128,0,127942,12,3
response,128,0,127942,12,1
accumulate,128,0,127943,12,0
dispatch,128,0,127943,12,3
multiply,128,0,127943,12,1
combine,128,0,127944,12,1
read,128,0,127944,12,4
response,128,0,127944,12,2
accumulate,128,0,127945,12,1
dispatch,128,0,127945,12,4
multiply,128,0,127945,12,2
combine,128,0,127946,12,2
read,128,0,127946,12,5
response,128,0,127946,12,3
accumulate,128,0,127947,12,2
dispatch,128,0,127947,12,5
multiply,128,0,127947,12,3
combine,128,0,127948,12,3
read,128,0,127948,12,6
response,128,0,127948,12,4
accumulate,128,0,127949,12,3
dispatch,128,0,127949,12,6
multiply,128,0,127949,12,4
combine,128,0,127950,12,4
read,128,0,127950,12,7
response,128,0,127950,12,5
accumulate,128,0,127951,12,4
dispatch,128,0,127951,12,7
multiply,128,0,127951,12,5
combine,128,0,127952,12,5
read,128,0,127952,12,8
response,128,0,127952,12,6
accumulate,128,0,127953,12,5
dispatch,128,0,127953,12,8
multiply,128,0,127953,12,6
combine,128,0,127954,12,6
read,128,0,127954,12,9
response,128,0,127954,12,7
accumulate,128,0,127955,12,6
dispatch,128,0,127955,12,9
multiply,128,0,127955,12,7
combine,128,0,127956,12,7
read,128,0,127956,12,10
response,128,0,127956,12,8
accumulate,128,0,127957,12,7
dispatch,128,0,127957,12,10
multiply,128,0,127957,12,8
combine,128,0,127958,12,8
read,128,0,127958,12,11
response,128,0,127958,12,9
accumulate,128,0,127959,12,8
dispatch,128,0,127959,12,11
multiply,128,0,127959,12,9
combine,128,0,127960,12,9
read,128,0,127960,12,12
response,128,0,127960,12,10
accumulate,128,0,127961,12,9
dispatch,128,0,127961,12,12
multiply,128,0,127961,12,10
combine,128,0,127962,12,10
read,128,0,127962,12,13
response,128,0,127962,12,11
accumulate,128,0,127963,12,10
dispatch,128,0,127963,12,13
multiply,128,0,127963,12,11
combine,128,0,127964,12,11
read,128,0,127964,12,14
response,128,0,127964,12,12
accumulate,128,0,127965,12,11
dispatch,128,0,127965,12,14
multiply,128,0,127965,12,12
combine,128,0,127966,12,12
read,128,0,127966,12,15
response,128,0,127966,12,13
accumulate,128,0,127967,12,12
chunk,128,0,127967,12,1
dispatch,128,0,127967,12,15
multiply,128,0,127967,12,13
combine,128,0,127968,12,13
read,128,0,127968,12,16
response,128,0,127968,12,14
accumulate,128,0,127969,12,13
dispatch,128,0,127969,12,16
multiply,128,0,127969,12,14
combine,128,0,127970,12,14
read,128,0,127970,12,17
response,128,0,127970,12,15
accumulate,128,0,127971,12,14
dispatch,128,0,127971,12,17
multiply,128,0,127971,12,15
combine,128,0,127972,12,15
read,128,0,127972,12,18
response,128,0,127972,12,16
accumulate,128,0,127973,12,15
dispatch,128,0,127973,12,18
multiply,128,0,127973,12,16
combine,128,0,127974,12,16
read,128,0,127974,12,19
response,128,0,127974,12,17
accumulate,128,0,127975,12,16
dispatch,128,0,127975,12,19
multiply,128,0,127975,12,17
combine,128,0,127976,12,17
response,128,0,127976,12,18
accumulate,128,0,127977,12,17
multiply,128,0,127977,12,18
combine,128,0,127978,12,18
response,128,0,127978,12,19
accumulate,128,0,127979,12,18
multiply,128,0,127979,12,19
combine,128,0,127980,12,19
last,128,0,127981,12,19
bias,128,0,127982,12,-1
restart,128,0,127982,12,-1
add,128,0,127983,12,-1
group,128,0,127983,13,-1
chunk,128,0,127984,13,0
round,128,0,127984,12,-1
collect,128,0,127985,12,-1
read,128,0,127985,13,0
dispatch,128,0,127986,13,0
read,128,0,127987,13,1
dispatch,128,0,127988,13,1
read,128,0,127989,13,2
response,128,0,127989,13,0
dispatch,128,0,127990,13,2
multiply,128,0,127990,13,0
combine,128,0,127991,13,0
read,128,0,127991,13,3
response,128,0,127991,13,1
accumulate,128,0,127992,13,0
dispatch,128,0,127992,13,3
multiply,128,0,127992,13,1
combine,128,0,127993,13,1
read,128,0,127993,13,4
response,128,0,127993,13,2
accumulate,128,0,127994,13,1
dispatch,128,0,127994,13,4
multiply,128,0,127994,13,2
combine,128,0,127995,13,2
read,128,0,127995,13,5
response,128,0,127995,13,3
accumulate,128,0,127996,13,2
dispatch,128,0,127996,13,5
multiply,128,0,127996,13,3
combine,128,0,127997,13,3
read,128,0,127997,13,6
response,128,0,127997,13,4
accumulate,128,0,127998,13,3
dispatch,128,0,127998,13,6
multiply,128,0,127998,13,4
combine,128,0,127999,13,4
read,128,0,127999,13,7
response,128,0,127999,13,5
accumulate,128,0,128000,13,4
dispatch,128,0,128000,13,7
multiply,128,0,128000,13,5
combine,128,0,128001,13,5
read,128,0,128001,13,8
response,128,0,128001,13,6
accumulate,128,0,128002,13,5
dispatch,128,0,128002,13,8
multiply,128,0,128002,13,6
combine,128,0,128003,13,6
read,128,0,128003,13,9
response,128,0,128003,13,7
accumulate,128,0,128004,13,6
dispatch,128,0,128004,13,9
multiply,128,0,128004,13,7
combine,128,0,128005,13,7
read,128,0,128005,13,10
response,128,0,128005,13,8
accumulate,128,0,128006,13,7
dispatch,128,0,128006,13,10
multiply,128,0,128006,13,8
combine,128,0,128007,13,8
read,128,0,128007,13,11
response,128,0,128007,13,9
accumulate,128,0,128008,13,8
dispatch,128,0,128008,13,11
multiply,128,0,128008,13,9
combine,128,0,128009,13,9
read,128,0,128009,13,12
response,128,0,128009,13,10
accumulate,128,0,128010,13,9
dispatch,128,0,128010,13,12
multiply,128,0,128010,13,10
combine,128,0,128011,13,10
read,128,0,128011,13,13
response,128,0,128011,13,11
accumulate,128,0,128012,13,10
dispatch,128,0,128012,13,13
multiply,128,0,128012,13,11
combine,128,0,128013,13,11
read,128,0,128013,13,14
response,128,0,128013,13,12
accumulate,128,0,128014,13,11
dispatch,128,0,128014,13,14
multiply,128,0,128014,13,12
combine,128,0,128015,13,12
read,128,0,128015,13,15
response,128,0,128015,13,13
accumulate,128,0,128016,13,12
chunk,128,0,128016,13,1
dispatch,128,0,128016,13,15
multiply,128,0,128016,13,13
combine,128,0,128017,13,13
read,128,0,128017,13,16
response,128,0,128017,13,14
accumulate,128,0,128018,13,13
dispatch,128,0,128018,13,16
multiply,128,0,128018,13,14
combine,128,0,128019,13,14
read,128,0,128019,13,17
response,128,0,128019,13,15
accumulate,128,0,128020,13,14
dispatch,128,0,128020,13,17
multiply,128,0,128020,13,15
combine,128,0,128021,13,15
read,128,0,128021,13,18
response,128,0,128021,13,16
accumulate,128,0,128022,13,15
dispatch,128,0,128022,13,18
multiply,128,0,128022,13,16
combine,128,0,128023,13,16
read,128,0,128023,13,19
response,128,0,128023,13,17
accumulate,128,0,128024,13,16
dispatch,128,0,128024,13,19
multiply,128,0,128024,13,17
combine,128,0,128025,13,17
response,128,0,128025,13,18
accumulate,128,0,128026,13,17
multiply,128,0,128026,13,18
combine,128,0,128027,13,18
response,128,0,128027,13,19
accumulate,128,0,128028,13,18
multiply,128,0,128028,13,19
combine,128,0,128029,13,19
last,128,0,128030,13,19
bias,128,0,128031,13,-1
restart,128,0,128031,13,-1
add,128,0,128032,13,-1
group,128,0,128032,14,-1
chunk,128,0,128033,14,0
round,128,0,128033,13,-1
collect,128,0,128034,13,-1
read,128,0,128034,14,0
dispatch,128,0,128035,14,0
read,128,0,128036,14,1
dispatch,128,0,128037,14,1
read,128,0,128038,14,2
response,128,0,128038,14,0
dispatch,128,0,128039,14,2
multiply,128,0,128039,14,0
combine,128,0,128040,14,0
read,128,0,128040,14,3
response,128,0,128040,14,1
accumulate,128,0,128041,14,0
dispatch,128,0,128041,14,3
multiply,128,0,128041,14,1
combine,128,0,128042,14,1
read,128,0,128042,14,4
response,128,0,128042,14,2
accumulate,128,0,128043,14,1
dispatch,128,0,128043,14,4
multiply,128,0,128043,14,2
combine,128,0,128044,14,2
read,128,0,128044,14,5
response,128,0,128044,14,3
accumulate,128,0,128045,14,2
dispatch,128,0,128045,14,5
multiply,128,0,128045,14,3
combine,128,0,128046,14,3
read,128,0,128046,14,6
response,128,0,128046,14,4
accumulate,128,0,128047,14,3
dispatch,128,0,128047,14,6
multiply,128,0,128047,14,4
combine,128,0,128048,14,4
read,128,0,128048,14,7
response,128,0,128048,14,5
accumulate,128,0,128049,14,4
dispatch,128,0,128049,14,7
multiply,128,0,128049,14,5
combine,128,0,128050,14,5
read,128,0,128050,14,8
response,128,0,128050,14,6
accumulate,128,0,128051,14,5
dispatch,128,0,128051,14,8
multiply,128,0,128051,14,6
combine,128,0,128052,14,6
read,128,0,128052,14,9
response,128,0,128052,14,7
accumulate,128,0,128053,14,6
dispatch,128,0,128053,14,9
multiply,128,0,128053,14,7
combine,128,0,128054,14,7
read,128,0,128054,14,10
response,128,0,128054,14,8
accumulate,128,0,128055,14,7
dispatch,128,0,128055,14,10
multiply,128,0,128055,14,8
combine,128,0,128056,14,8
read,128,0,128056,14,11
response,128,0,128056,14,9
accumulate,128,0,128057,14,8
dispatch,128,0,128057,14,11
multiply,128,0,128057,14,9
combine,128,0,128058,14,9
read,128,0,128058,14,12
response,128,0,128058,14,10
accumulate,128,0,128059,14,9
dispatch,128,0,128059,14,12
multiply,128,0,128059,14,10
combine,128,0,128060,14,10
read,128,0,128060,14,13
response,128,0,128060,14,11
accumulate,128,0,128061,14,10
dispatch,128,0,128061,14,13
multiply,128,0,128061,14,11
combine,128,0,128062,14,11
read,128,0,128062,14,14
response,128,0,128062,14,12
accumulate,128,0,128063,14,11
dispatch,128,0,128063,14,14
multiply,128,0,128063,14,12
combine,128,0,128064,14,12
read,128,0,128064,14,15
response,128,0,128064,14,13
accumulate,128,0,128065,14,12
chunk,128,0,128065,14,1
dispatch,128,0,128065,14,15
multiply,128,0,128065,14,13
combine,128,0,128066,14,13
read,128,0,128066,14,16
response,128,0,128066,14,14
accumulate,128,0,128067,14,13
dispatch,128,0,128067,14,16
multiply,128,0,128067,14,14
combine,128,0,128068,14,14
read,128,0,128068,14,17
response,128,0,128068,14,15
accumulate,128,0,128069,14,14
dispatch,128,0,128069,14,17
multiply,128,0,128069,14,15
combine,128,0,128070,14,15
read,128,0,128070,14,18
response,128,0,128070,14,16
accumulate,128,0,128071,14,15
dispatch,128,0,128071,14,18
multiply,128,0,128071,14,16
combine,128,0,128072,14,16
read,128,0,128072,14,19
response,128,0,128072,14,17
accumulate,128,0,128073,14,16
dispatch,128,0,128073,14,19
multiply,128,0,128073,14,17
combine,128,0,128074,14,17
response,128,0,128074,14,18
accumulate,128,0,128075,14,17
multiply,128,0,128075,14,18
combine,128,0,128076,14,18
response,128,0,128076,14,19
accumulate,128,0,128077,14,18
multiply,128,0,128077,14,19
combine,128,0,128078,14,19
last,128,0,128079,14,19
bias,128,0,128080,14,-1
restart,128,0,128080,14,-1
add,128,0,128081,14,-1
group,128,0,128081,15,-1
chunk,128,0,128082,15,0
round,128,0,128082,14,-1
collect,128,0,128083,14,-1
read,128,0,128083,15,0
dispatch,128,0,128084,15,0
read,128,0,128085,15,1
dispatch,128,0,128086,15,1
read,128,0,128087,15,2
response,128,0,128087,15,0
dispatch,128,0,128088,15,2
multiply,128,0,128088,15,0
combine,128,0,128089,15,0
read,128,0,128089,15,3
response,128,0,128089,15,1
accumulate,128,0,128090,15,0
dispatch,128,0,128090,15,3
multiply,128,0,128090,15,1
combine,128,0,128091,15,1
read,128,0,128091,15,4
response,128,0,128091,15,2
accumulate,128,0,128092,15,1
dispatch,128,0,128092,15,4
multiply,128,0,128092,15,2
combine,128,0,128093,15,2
read,128,0,128093,15,5
response,128,0,128093,15,3
accumulate,128,0,128094,15,2
dispatch,128,0,128094,15,5
multiply,128,0,128094,15,3
combine,128,0,128095,15,3
read,128,0,128095,15,6
response,128,0,128095,15,4
accumulate,128,0,128096,15,3
dispatch,128,0,128096,15,6
multiply,128,0,128096,15,4
combine,128,0,128097,15,4
read,128,0,128097,15,7
response,128,0,128097,15,5
accumulate,128,0,128098,15,4
dispatch,128,0,128098,15,7
multiply,128,0,128098,15,5
combine,128,0,128099,15,5
read,128,0,128099,15,8
response,128,0,128099,15,6
accumulate,128,0,128100,15,5
dispatch,128,0,128100,15,8
multiply,128,0,128100,15,6
combine,128,0,128101,15,6
read,128,0,128101,15,9
response,128,0,128101,15,7
accumulate,128,0,128102,15,6
dispatch,128,0,128102,15,9
multiply,128,0,128102,15,7
combine,128,0,128103,15,7
read,128,0,128103,15,10
response,128,0,128103,15,8
accumulate,128,0,128104,15,7
dispatch,128,0,128104,15,10
multiply,128,0,128104,15,8
combine,128,0,128105,15,8
read,128,0,128105,15,11
response,128,0,128105,15,9
accumulate,128,0,128106,15,8
dispatch,128,0,128106,15,11
multiply,128,0,128106,15,9
combine,128,0,128107,15,9
read,128,0,128107,15,12
response,128,0,128107,15,10
accumulate,128,0,128108,15,9
dispatch,128,0,128108,15,12
multiply,128,0,128108,15,10
combine,128,0,128109,15,10
read,128,0,128109,15,13
response,128,0,128109,15,11
accumulate,128,0,128110,15,10
dispatch,128,0,128110,15,13
multiply,128,0,128110,15,11
combine,128,0,128111,15,11
read,128,0,128111,15,14
response,128,0,128111,15,12
accumulate,128,0,128112,15,11
dispatch,128,0,128112,15,14
multiply,128,0,128112,15,12
combine,128,0,128113,15,12
read,128,0,128113,15,15
response,128,0,128113,15,13
accumulate,128,0,128114,15,12
chunk,128,0,128114,15,1
dispatch,128,0,128114,15,15
multiply,128,0,128114,15,13
combine,128,0,128115,15,13
read,128,0,128115,15,16
response,128,0,128115,15,14
accumulate,128,0,128116,15,13
dispatch,128,0,128116,15,16
multiply,128,0,128116,15,14
combine,128,0,128117,15,14
read,128,0,128117,15,17
response,128,0,128117,15,15
accumulate,128,0,128118,15,14
dispatch,128,0,128118,15,17
multiply,128,0,128118,15,15
combine,128,0,128119,15,15
read,128,0,128119,15,18
response,128,0,128119,15,16
accumulate,128,0,128120,15,15
dispatch,128,0,128120,15,18
multiply,128,0,128120,15,16
combine,128,0,128121,15,16
read,128,0,128121,15,19
response,128,0,128121,15,17
accumulate,128,0,128122,15,16
dispatch,128,0,128122,15,19
multiply,128,0,128122,15,17
combine,128,0,128123,15,17
response,128,0,128123,15,18
accumulate,128,0,128124,15,17
multiply,128,0,128124,15,18
combine,128,0,128125,15,18
response,128,0,128125,15,19
accumulate,128,0,128126,15,18
multiply,128,0,128126,15,19
combine,128,0,128127,15,19
last,128,0,128128,15,19
bias,128,0,128129,15,-1
restart,128,0,128129,15,-1
add,128,0,128130,15,-1
group,128,0,128130,16,-1
chunk,128,0,128131,16,0
round,128,0,128131,15,-1
collect,128,0,128132,15,-1
read,128,0,128132,16,0
dispatch,128,0,128133,16,0
read,128,0,128134,16,1
dispatch,128,0,128135,16,1
read,128,0,128136,16,2
response,128,0,128136,16,0
dispatch,128,0,128137,16,2
multiply,128,0,128137,16,0
combine,128,0,128138,16,0
read,128,0,128138,16,3
response,128,0,128138,16,1
accumulate,128,0,128139,16,0
dispatch,128,0,128139,16,3
multiply,128,0,128139,16,1
combine,128,0,128140,16,1
read,128,0,128140,16,4
response,128,0,128140,16,2
accumulate,128,0,128141,16,1
dispatch,128,0,128141,16,4
multiply,128,0,128141,16,2
combine,128,0,128142,16,2
read,128,0,128142,16,5
response,128,0,128142,16,3
accumulate,128,0,128143,16,2
dispatch,128,0,128143,16,5
multiply,128,0,128143,16,3
combine,128,0,128144,16,3
read,128,0,128144,16,6
response,128,0,128144,16,4
accumulate,128,0,128145,16,3
dispatch,128,0,128145,16,6
multiply,128,0,128145,16,4
combine,128,0,128146,16,4
read,128,0,128146,16,7
response,128,0,128146,16,5
accumulate,128,0,128147,16,4
dispatch,128,0,128147,16,7
multiply,128,0,128147,16,5
combine,128,0,128148,16,5
read,128,0,128148,16,8
response,128,0,128148,16,6
accumulate,128,0,128149,16,5
dispatch,128,0,128149,16,8
multiply,128,0,128149,16,6
combine,128,0,128150,16,6
read,128,0,128150,16,9
response,128,0,128150,16,7
accumulate,128,0,128151,16,6
dispatch,128,0,128151,16,9
multiply,128,0,128151,16,7
combine,128,0,128152,16,7
read,128,0,128152,16,10
response,128,0,128152,16,8
accumulate,128,0,128153,16,7
dispatch,128,0,128153,16,10
multiply,128,0,128153,16,8
combine,128,0,128154,16,8
read,128,0,128154,16,11
response,128,0,128154,16,9
accumulate,128,0,128155,16,8
dispatch,128,0,128155,16,11
multiply,128,0,128155,16,9
combine,128,0,128156,16,9
read,128,0,128156,16,12
response,128,0,128156,16,10
accumulate,128,0,128157,16,9
dispatch,128,0,128157,16,12
multiply,128,0,128157,16,10
combine,128,0,128158,16,10
read,128,0,128158,16,13
response,128,0,128158,16,11
accumulate,128,0,128159,16,10
dispatch,128,0,128159,16,13
multiply,128,0,128159,16,11
combine,128,0,128160,16,11
read,128,0,128160,16,14
response,128,0,128160,16,12
accumulate,128,0,128161,16,11
dispatch,128,0,128161,16,14
multiply,128,0,128161,16,12
combine,128,0,128162,16,12
read,128,0,128162,16,15
response,128,0,128162,16,13
accumulate,128,0,128163,16,12
chunk,128,0,128163,16,1
dispatch,128,0,128163,16,15
multiply,128,0,128163,16,13
combine,128,0,128164,16,13
read,128,0,128164,16,16
response,128,0,128164,16,14
accumulate,128,0,128165,16,13
dispatch,128,0,128165,16,16
multiply,128,0,128165,16,14
combine,128,0,128166,16,14
read,128,0,128166,16,17
response,128,0,128166,16,15
accumulate,128,0,128167,16,14
dispatch,128,0,128167,16,17
multiply,128,0,128167,16,15
combine,128,0,128168,16,15
read,128,0,128168,16,18
response,128,0,128168,16,16
accumulate,128,0,128169,16,15
dispatch,128,0,128169,16,18
multiply,128,0,128169,16,16
combine,128,0,128170,16,16
read,128,0,128170,16,19
response,128,0,128170,16,17
accumulate,128,0,128171,16,16
dispatch,128,0,128171,16,19
multiply,128,0,128171,16,17
combine,128,0,128172,16,17
response,128,0,128172,16,18
accumulate,128,0,128173,16,17
multiply,128,0,128173,16,18
combine,128,0,128174,16,18
response,128,0,128174,16,19
accumulate,128,0,128175,16,18
multiply,128,0,128175,16,19
combine,128,0,128176,16,19
last,128,0,128177,16,19
bias,128,0,128178,16,-1
restart,128,0,128178,16,-1
add,128,0,128179,16,-1
group,128,0,128179,17,-1
chunk,128,0,128180,17,0
round,128,0,128180,16,-1
collect,128,0,128181,16,-1
read,128,0,128181,17,0
dispatch,128,0,128182,17,0
read,128,0,128183,17,1
dispatch,128,0,128184,17,1
read,128,0,128185,17,2
response,128,0,128185,17,0
dispatch,128,0,128186,17,2
multiply,128,0,128186,17,0
combine,128,0,128187,17,0
read,128,0,128187,17,3
response,128,0,128187,17,1
accumulate,128,0,128188,17,0
dispatch,128,0,128188,17,3
multiply,128,0,128188,17,1
combine,128,0,128189,17,1
read,128,0,128189,17,4
response,128,0,128189,17,2
accumulate,128,0,128190,17,1
dispatch,128,0,128190,17,4
multiply,128,0,128190,17,2
combine,128,0,128191,17,2
read,128,0,128191,17,5
response,128,0,128191,17,3
accumulate,128,0,128192,17,2
dispatch,128,0,128192,17,5
multiply,128,0,128192,17,3
combine,128,0,128193,17,3
read,128,0,128193,17,6
response,128,0,128193,17,4
accumulate,128,0,128194,17,3
dispatch,128,0,128194,17,6
multiply,128,0,128194,17,4
combine,128,0,128195,17,4
read,128,0,128195,17,7
response,128,0,128195,17,5
accumulate,128,0,128196,17,4
dispatch,128,0,128196,17,7
multiply,128,0,128196,17,5
combine,128,0,128197,17,5
read,128,0,128197,17,8
response,128,0,128197,17,6
accumulate,128,0,128198,17,5
dispatch,128,0,128198,17,8
multiply,128,0,128198,17,6
combine,128,0,128199,17,6
read,128,0,128199,17,9
response,128,0,128199,17,7
accumulate,128,0,128200,17,6
dispatch,128,0,128200,17,9
multiply,128,0,128200,17,7
combine,128,0,128201,17,7
read,128,0,128201,17,10
response,128,0,128201,17,8
accumulate,128,0,128202,17,7
dispatch,128,0,128202,17,10
multiply,128,0,128202,17,8
combine,128,0,128203,17,8
read,128,0,128203,17,11
response,128,0,128203,17,9
accumulate,128,0,128204,17,8
dispatch,128,0,128204,17,11
multiply,128,0,128204,17,9
combine,128,0,128205,17,9
read,128,0,128205,17,12
response,128,0,128205,17,10
accumulate,128,0,128206,17,9
dispatch,128,0,128206,17,12
multiply,128,0,128206,17,10
combine,128,0,128207,17,10
read,128,0,128207,17,13
response,128,0,128207,17,11
accumulate,128,0,128208,17,10
dispatch,128,0,128208,17,13
multiply,128,0,128208,17,11
combine,128,0,128209,17,11
read,128,0,128209,17,14
response,128,0,128209,17,12
accumulate,128,0,128210,17,11
dispatch,128,0,128210,17,14
multiply,128,0,128210,17,12
combine,128,0,128211,17,12
read,128,0,128211,17,15
response,128,0,128211,17,13
accumulate,128,0,128212,17,12
chunk,128,0,128212,17,1
dispatch,128,0,128212,17,15
multiply,128,0,128212,17,13
combine,128,0,128213,17,13
read,128,0,128213,17,16
response,128,0,128213,17,14
accumulate,128,0,128214,17,13
dispatch,128,0,128214,17,16
multiply,128,0,128214,17,14
combine,128,0,128215,17,14
read,128,0,128215,17,17
response,128,0,128215,17,15
accumulate,128,0,128216,17,14
dispatch,128,0,128216,17,17
multiply,128,0,128216,17,15
combine,128,0,128217,17,15
read,128,0,128217,17,18
response,128,0,128217,17,16
accumulate,128,0,128218,17,15
dispatch,128,0,128218,17,18
multiply,128,0,128218,17,16
combine,128,0,128219,17,16
read,128,0,128219,17,19
response,128,0,128219,17,17
accumulate,128,0,128220,17,16
dispatch,128,0,128220,17,19
multiply,128,0,128220,17,17
combine,128,0,128221,17,17
response,128,0,128221,17,18
accumulate,128,0,128222,17,17
multiply,128,0,128222,17,18
combine,128,0,128223,17,18
response,128,0,128223,17,19
accumulate,128,0,128224,17,18
multiply,128,0,128224,17,19
combine,128,0,128225,17,19
last,128,0,128226,17,19
bias,128,0,128227,17,-1
restart,128,0,128227,17,-1
add,128,0,128228,17,-1
group,128,0,128228,18,-1
chunk,128,0,128229,18,0
round,128,0,128229,17,-1
collect,128,0,128230,17,-1
read,128,0,128230,18,0
dispatch,128,0,128231,18,0
read,128,0,128232,18,1
dispatch,128,0,128233,18,1
read,128,0,128234,18,2
response,128,0,128234,18,0
dispatch,128,0,128235,18,2
multiply,128,0,128235,18,0
combine,128,0,128236,18,0
read,128,0,128236,18,3
response,128,0,128236,18,1
accumulate,128,0,128237,18,0
dispatch,128,0,128237,18,3
multiply,128,0,128237,18,1
combine,128,0,128238,18,1
read,128,0,128238,18,4
response,128,0,128238,18,2
accumulate,128,0,128239,18,1
dispatch,128,0,128239,18,4
multiply,128,0,128239,18,2
combine,128,0,128240,18,2
read,128,0,128240,18,5
response,128,0,128240,18,3
accumulate,128,0,128241,18,2
dispatch,128,0,128241,18,5
multiply,128,0,128241,18,3
combine,128,0,128242,18,3
read,128,0,128242,18,6
response,128,0,128242,18,4
accumulate,128,0,128243,18,3
dispatch,128,0,128243,18,6
multiply,128,0,128243,18,4
combine,128,0,128244,18,4
read,128,0,128244,18,7
response,128,0,128244,18,5
accumulate,128,0,128245,18,4
dispatch,128,0,128245,18,7
multiply,128,0,128245,18,5
combine,128,0,128246,18,5
read,128,0,128246,18,8
response,128,0,128246,18,6
accumulate,128,0,128247,18,5
dispatch,128,0,128247,18,8
multiply,128,0,128247,18,6
combine,128,0,128248,18,6
read,128,0,128248,18,9
response,128,0,128248,18,7
accumulate,128,0,128249,18,6
dispatch,128,0,128249,18,9
multiply,128,0,128249,18,7
combine,128,0,128250,18,7
read,128,0,128250,18,10
response,128,0,128250,18,8
accumulate,128,0,128251,18,7
dispatch,128,0,128251,18,10
multiply,128,0,128251,18,8
combine,128,0,128252,18,8
read,128,0,128252,18,11
response,128,0,128252,18,9
accumulate,128,0,128253,18,8
dispatch,128,0,128253,18,11
multiply,128,0,128253,18,9
combine,128,0,128254,18,9
read,128,0,128254,18,12
response,128,0,128254,18,10
accumulate,128,0,128255,18,9
dispatch,128,0,128255,18,12
multiply,128,0,128255,18,10
combine,128,0,128256,18,10
read,128,0,128256,18,13
response,128,0,128256,18,11
accumulate,128,0,128257,18,10
dispatch,128,0,128257,18,13
multiply,128,0,128257,18,11
combine,128,0,128258,18,11
read,128,0,128258,18,14
response,128,0,128258,18,12
accumulate,128,0,128259,18,11
dispatch,128,0,128259,18,14
multiply,128,0,128259,18,12
combine,128,0,128260,18,12
read,128,0,128260,18,15
response,128,0,128260,18,13
accumulate,128,0,128261,18,12
chunk,128,0,128261,18,1
dispatch,128,0,128261,18,15
multiply,128,0,128261,18,13
combine,128,0,128262,18,13
read,128,0,128262,18,16
response,128,0,128262,18,14
accumulate,128,0,128263,18,13
dispatch,128,0,128263,18,16
multiply,128,0,128263,18,14
combine,128,0,128264,18,14
read,128,0,128264,18,17
response,128,0,128264,18,15
accumulate,128,0,128265,18,14
dispatch,128,0,128265,18,17
multiply,128,0,128265,18,15
combine,128,0,128266,18,15
read,128,0,128266,18,18
response,128,0,128266,18,16
accumulate,128,0,128267,18,15
dispatch,128,0,128267,18,18
multiply,128,0,128267,18,16
combine,128,0,128268,18,16
read,128,0,128268,18,19
response,128,0,128268,18,17
accumulate,128,0,128269,18,16
dispatch,128,0,128269,18,19
multiply,128,0,128269,18,17
combine,128,0,128270,18,17
response,128,0,128270,18,18
accumulate,128,0,128271,18,17
multiply,128,0,128271,18,18
combine,128,0,128272,18,18
response,128,0,128272,18,19
accumulate,128,0,128273,18,18
multiply,128,0,128273,18,19
combine,128,0,128274,18,19
last,128,0,128275,18,19
bias,128,0,128276,18,-1
restart,128,0,128276,18,-1
add,128,0,128277,18,-1
group,128,0,128277,19,-1
chunk,128,0,128278,19,0
round,128,0,128278,18,-1
collect,128,0,128279,18,-1
read,128,0,128279,19,0
dispatch,128,0,128280,19,0
read,128,0,128281,19,1
dispatch,128,0,128282,19,1
read,128,0,128283,19,2
response,128,0,128283,19,0
dispatch,128,0,128284,19,2
multiply,128,0,128284,19,0
combine,128,0,128285,19,0
read,128,0,128285,19,3
response,128,0,128285,19,1
accumulate,128,0,128286,19,0
dispatch,128,0,128286,19,3
multiply,128,0,128286,19,1
combine,128,0,128287,19,1
read,128,0,128287,19,4
response,128,0,128287,19,2
accumulate,128,0,128288,19,1
dispatch,128,0,128288,19,4
multiply,128,0,128288,19,2
combine,128,0,128289,19,2
read,128,0,128289,19,5
response,128,0,128289,19,3
accumulate,128,0,128290,19,2
dispatch,128,0,128290,19,5
multiply,128,0,128290,19,3
combine,128,0,128291,19,3
read,128,0,128291,19,6
response,128,0,128291,19,4
accumulate,128,0,128292,19,3
dispatch,128,0,128292,19,6
multiply,128,0,128292,19,4
combine,128,0,128293,19,4
read,128,0,128293,19,7
response,128,0,128293,19,5
accumulate,128,0,128294,19,4
dispatch,128,0,128294,19,7
multiply,128,0,128294,19,5
combine,128,0,128295,19,5
read,128,0,128295,19,8
response,128,0,128295,19,6
accumulate,128,0,128296,19,5
dispatch,128,0,128296,19,8
multiply,128,0,128296,19,6
combine,128,0,128297,19,6
read,128,0,128297,19,9
response,128,0,128297,19,7
accumulate,128,0,128298,19,6
dispatch,128,0,128298,19,9
multiply,128,0,128298,19,7
combine,128,0,128299,19,7
read,128,0,128299,19,10
response,128,0,128299,19,8
accumulate,128,0,128300,19,7
dispatch,128,0,128300,19,10
multiply,128,0,128300,19,8
combine,128,0,128301,19,8
read,128,0,128301,19,11
response,128,0,128301,19,9
accumulate,128,0,128302,19,8
dispatch,128,0,128302,19,11
multiply,128,0,128302,19,9
combine,128,0,128303,19,9
read,128,0,128303,19,12
response,128,0,128303,19,10
accumulate,128,0,128304,19,9
dispatch,128,0,128304,19,12
multiply,128,0,128304,19,10
combine,128,0,128305,19,10
read,128,0,128305,19,13
response,128,0,128305,19,11
accumulate,128,0,128306,19,10
dispatch,128,0,128306,19,13
multiply,128,0,128306,19,11
combine,128,0,128307,19,11
read,128,0,128307,19,14
response,128,0,128307,19,12
accumulate,128,0,128308,19,11
dispatch,128,0,128308,19,14
multiply,128,0,128308,19,12
combine,128,0,128309,19,12
read,128,0,128309,19,15
response,128,0,128309,19,13
accumulate,128,0,128310,19,12
chunk,128,0,128310,19,1
dispatch,128,0,128310,19,15
multiply,128,0,128310,19,13
combine,128,0,128311,19,13
read,128,0,128311,19,16
response,128,0,128311,19,14
accumulate,128,0,128312,19,13
dispatch,128,0,128312,19,16
multiply,128,0,128312,19,14
combine,128,0,128313,19,14
read,128,0,128313,19,17
response,128,0,128313,19,15
accumulate,128,0,128314,19,14
dispatch,128,0,128314,19,17
multiply,128,0,128314,19,15
combine,128,0,128315,19,15
read,128,0,128315,19,18
response,128,0,128315,19,16
accumulate,128,0,128316,19,15
dispatch,128,0,128316,19,18
multiply,128,0,128316,19,16
combine,128,0,128317,19,16
read,128,0,128317,19,19
response,128,0,128317,19,17
accumulate,128,0,128318,19,16
dispatch,128,0,128318,19,19
multiply,128,0,128318,19,17
combine,128,0,128319,19,17
response,128,0,128319,19,18
accumulate,128,0,128320,19,17
multiply,128,0,128320,19,18
combine,128,0,128321,19,18
response,128,0,128321,19,19
accumulate,128,0,128322,19,18
multiply,128,0,128322,19,19
combine,128,0,128323,19,19
last,128,0,128324,19,19
bias,128,0,128325,19,-1
restart,128,0,128325,19,-1
add,128,0,128326,19,-1
round,128,0,128327,19,-1
collect,128,0,128328,19,-1
emit,128,0,128329,-1,-1
get,128,0,128330,-1,-1
