stage_id,name,multipliers,valid_products_window,cycles_with_valid_multiply_window,input_boundary_wait_cycles_window,output_boundary_wait_cycles_window
0,dut_block0_bProjection,1,143360,143360,344064,0
1,dut_block0_cProjection,1,143360,143360,344064,0
2,dut_block0_deltaInputProjection,1,35840,35840,475776,0
3,dut_block0_deltaProjection_engine,1,35840,35840,322560,0
4,dut_block0_gateProjection,1,358400,358400,0,0
5,dut_block0_mainProjection,1,358400,358400,0,0
6,dut_block0_outputProjection_engine,1,358400,358400,80640,0
7,dut_block1_bProjection,1,143360,143360,344064,0
8,dut_block1_cProjection,1,143360,143360,344064,0
9,dut_block1_deltaInputProjection,1,35840,35840,475776,0
10,dut_block1_deltaProjection_engine,1,35840,35840,322560,0
11,dut_block1_gateProjection,1,358400,358400,0,0
12,dut_block1_mainProjection,1,358400,358400,0,0
13,dut_block1_outputProjection_engine,1,358400,358400,80640,0
14,dut_embedding_engine,1,179200,179200,0,310016
15,dut_headHidden_engine,1,179200,179200,336280,0
16,dut_headOutput_engine,1,31920,31920,474236,0
17,dut_block0_normalization,2,17920,8960,98560,0
18,dut_block0_scan,7,1003520,288512,220416,0
19,dut_block0_convolution,4,71680,17920,498176,0
20,dut_block0_gate,1,17920,17920,499520,0
21,dut_block1_normalization,2,17920,8960,98560,0
22,dut_block1_scan,7,1003520,288512,220416,0
23,dut_block1_convolution,4,71680,17920,498176,0
24,dut_block1_gate,1,17920,17920,499520,0
