unit_id,name,stage_id,puts_full_trace,puts_window,gets_window,reserved_cycles_window,maximum_outstanding,issue_utilization_window,reservation_utilization_window
0,dut_block0_bProjection_multipliers_0,0,286720,143360,143360,157696,4,0.27538726333907054,0.3029259896729776
1,dut_block0_cProjection_multipliers_0,1,286720,143360,143360,157696,4,0.27538726333907054,0.3029259896729776
2,dut_block0_convMultipliers_0_0,19,35840,17920,17920,19712,4,0.03442340791738382,0.0378657487091222
3,dut_block0_convMultipliers_0_1,19,35840,17920,17920,19712,4,0.03442340791738382,0.0378657487091222
4,dut_block0_convMultipliers_0_2,19,35840,17920,17920,19712,4,0.03442340791738382,0.0378657487091222
5,dut_block0_convMultipliers_0_3,19,35840,17920,17920,19712,4,0.03442340791738382,0.0378657487091222
6,dut_block0_deltaInputProjection_multipliers_0,2,71680,35840,35840,39424,4,0.06884681583476764,0.0757314974182444
7,dut_block0_deltaProjection_engine_multipliers_0,3,71680,35840,35840,107520,2,0.06884681583476764,0.20654044750430292
8,dut_block0_gateMultipliers_0,20,35840,17920,17920,19712,4,0.03442340791738382,0.0378657487091222
9,dut_block0_gateProjection_multipliers_0,4,716800,358400,358400,430080,4,0.6884681583476764,0.8261617900172117
10,dut_block0_mainProjection_multipliers_0,5,716800,358400,358400,430080,4,0.6884681583476764,0.8261617900172117
11,dut_block0_normalization_biasedMultiplier_0,17,17920,8960,8960,44800,1,0.01721170395869191,0.08605851979345955
12,dut_block0_normalization_weightedMultiplier_0,17,17920,8960,8960,44800,1,0.01721170395869191,0.08605851979345955
13,dut_block0_outputProjection_engine_multipliers_0,6,716800,358400,358400,394240,4,0.6884681583476764,0.7573149741824441
14,dut_block0_scan_deltaAMultipliers_0,18,286720,143360,143360,288064,2,0.27538726333907054,0.5533562822719449
15,dut_block0_scan_deltaBMultipliers_0,18,286720,143360,143360,288064,2,0.27538726333907054,0.5533562822719449
16,dut_block0_scan_directMultiplier,18,286720,143360,143360,288064,2,0.27538726333907054,0.5533562822719449
17,dut_block0_scan_highMultipliers_0,18,286720,143360,143360,288064,2,0.27538726333907054,0.5533562822719449
18,dut_block0_scan_inputMultipliers_0,18,286720,143360,143360,288064,2,0.27538726333907054,0.5533562822719449
19,dut_block0_scan_lowMultipliers_0,18,286720,143360,143360,288064,2,0.27538726333907054,0.5533562822719449
20,dut_block0_scan_stateMultipliers_0,18,286720,143360,143360,288064,2,0.27538726333907054,0.5533562822719449
21,dut_block1_bProjection_multipliers_0,7,286720,143360,143360,157696,4,0.27538726333907054,0.3029259896729776
22,dut_block1_cProjection_multipliers_0,8,286720,143360,143360,157696,4,0.27538726333907054,0.3029259896729776
23,dut_block1_convMultipliers_0_0,23,35840,17920,17920,19712,4,0.03442340791738382,0.0378657487091222
24,dut_block1_convMultipliers_0_1,23,35840,17920,17920,19712,4,0.03442340791738382,0.0378657487091222
25,dut_block1_convMultipliers_0_2,23,35840,17920,17920,19712,4,0.03442340791738382,0.0378657487091222
26,dut_block1_convMultipliers_0_3,23,35840,17920,17920,19712,4,0.03442340791738382,0.0378657487091222
27,dut_block1_deltaInputProjection_multipliers_0,9,71680,35840,35840,39424,4,0.06884681583476764,0.0757314974182444
28,dut_block1_deltaProjection_engine_multipliers_0,10,71680,35840,35840,107520,2,0.06884681583476764,0.20654044750430292
29,dut_block1_gateMultipliers_0,24,35840,17920,17920,19712,4,0.03442340791738382,0.0378657487091222
30,dut_block1_gateProjection_multipliers_0,11,716800,358400,358400,430080,4,0.6884681583476764,0.8261617900172117
31,dut_block1_mainProjection_multipliers_0,12,716800,358400,358400,430080,4,0.6884681583476764,0.8261617900172117
32,dut_block1_normalization_biasedMultiplier_0,21,17920,8960,8960,44800,1,0.01721170395869191,0.08605851979345955
33,dut_block1_normalization_weightedMultiplier_0,21,17920,8960,8960,44800,1,0.01721170395869191,0.08605851979345955
34,dut_block1_outputProjection_engine_multipliers_0,13,716800,358400,358400,394240,4,0.6884681583476764,0.7573149741824441
35,dut_block1_scan_deltaAMultipliers_0,22,286720,143360,143360,288064,2,0.27538726333907054,0.5533562822719449
36,dut_block1_scan_deltaBMultipliers_0,22,286720,143360,143360,288064,2,0.27538726333907054,0.5533562822719449
37,dut_block1_scan_directMultiplier,22,286720,143360,143360,288064,2,0.27538726333907054,0.5533562822719449
38,dut_block1_scan_highMultipliers_0,22,286720,143360,143360,288064,2,0.27538726333907054,0.5533562822719449
39,dut_block1_scan_inputMultipliers_0,22,286720,143360,143360,288064,2,0.27538726333907054,0.5533562822719449
40,dut_block1_scan_lowMultipliers_0,22,286720,143360,143360,288064,2,0.27538726333907054,0.5533562822719449
41,dut_block1_scan_stateMultipliers_0,22,286720,143360,143360,288064,2,0.27538726333907054,0.5533562822719449
42,dut_embedding_engine_multipliers_0,14,358400,179200,179200,215040,4,0.3442340791738382,0.41308089500860584
43,dut_headHidden_engine_multipliers_0,15,358400,179200,179200,181440,4,0.3442340791738382,0.34853700516351116
44,dut_headOutput_engine_multipliers_0,16,63840,31920,31920,38304,4,0.06131669535283993,0.07358003442340792
